WEB ID,Compound Name,Longevity study dose,Material Number
1,SODIUM CYCLAMATE,200,47827-1G
2,METHYL PARABEN,100,47889-1G
3,O-ACETYLSALICYLIC ANHYDRIDE,3,01460-1G
4,2-AMINOETHYL HYDROGEN SULFATE,30,06720-100G
5,Sulisobenzone ,20,09649-10G
6,TRANS-TERPIN,100,09828-1G
7,2-IODOHIPPURIC ACID,100,106577-10G
8,ANTHRANILIC ACID,20,10678-1G
9,PYRUVIC ACID,40,107360-25G
10,IODOFORM,5,109452-5G
11,BENZYL SALICYLATE,50,112380-250G
12,BROMOTHYMOL BLUE,"0,05",114413-5G
13,BACITRACIN,5,11702-5G
14,DL-ALPHA-METHYLTYROSINE,10,120693-5G
15,"3,5-DIBROMOSALICYLALDEHYDE",30,122130-10G
16,MECHLORETHAMINE HYDROCHLORIDE,"0,1",122564-5G
17,Crotamiton ,20,128201-5G
18,"3,6-DIAMINOACRIDINE HYDROCHLORIDE",5,131105-5G
19,INDIGO CARMINE,10,131164-25G
20,SALICYLANILIDE,40,131768-100G
21,TRIETHYLENETETRAMINE,5,132098-5G
22,Dichlorophen ,15,133221-50G
23,3-METHYL-1-PENTYN-3-OL,5,137561-100ML
24,2-BENZYLPHENOL,10,13761-50G-F
25,VERATROLE,10,140155-5G
26,(-)-LOBELINE HYDROCHLORIDE,1,141879-1G
27,ISOBUTYRAMIDE,10,144436-25G
28,PHENYL SALICYLATE,60,149187-50G
29,(R)-(-)-MANDELIC ACID,100,154210-5G
30,METHACRYLIC ACID,2,155721-5G
31,CYCLOBUTANOL,20,156434-1G
32,4-(BENZYLOXY)PHENOL,5,158348-25G
33,ACETOHYDROXAMIC ACID,50,159034-5G
34,PRIMAQUINE DIPHOSPHATE,2,160393-1G
35,SUCCINONITRILE,1,160962-25G
36,TANNIC ACID POWDER,40,16201-100G
37,BROMOPYRUVIC ACID,10,16490-10G
38,2-HYDROXYBENZYL ALCOHOL,4,166952-25G
39,DL-PROLINE,100,171824-1G
40,CROCIN,100,17304-1G
41,BROMOHEXINE HYDROCHLORIDE,60,17343-25G
42,"3,3'-DIETHYLTHIADICARBOCYANINE IODIDE",3,173754-1G
43,CIPROFLOXACIN,50,17850-5G-F
44,(+)-4-CHOLESTEN-3-ONE,1,188174-1G
45,LITHIUM BENZOATE,10,201162-100G
46,ZIRCONIUM(IV) OXIDE,1,204994-10G
47,4-HEXYLRESORCINOL,50,209465-25G
48,LITHIUM CITRATE HYDRATE,200,213209-100G
49,BETA-BUTYROLACTONE,1,219126-10G
50,4-METHYLPYRAZOLE,20,222569-1G
51,Sodium diethyldithiocarbamate trihydrate,15,228680-5G
52,Sodium nitroprusside ,1,228710-5G
53,GALLIUM(III) NITRATE HYDRATE,10,229644-5G
54,PENTAERYTHRITOL,6,236241-50G
55,D-SORBITOL,500,240850-5G
56,TRIACETIN,20,240885-5G
57,SACCHARIN,50,240931-1G
58,QUINOLINE,3,241571-5G
59,BENZOIC ACID,10,242381-25G
60,SODIUM MOLYBDATE,10,243655-5G
61,BENZYLTRIMETHYLAMMONIUM HYDROXIDE,10,246034-100G
62,AZELAIC ACID,10,246379-25G
63,DOMIPHEN BROMIDE,5,247480-25G
64,5-CHLORO-8-HYDROXY-7-IODOQUINOLINE,13,24880-100G
65,5-CHLOROSALICYLANILIDE,15,250481-10G
66,8-HYDROXYQUINOLINE,40,252565-50G
67,NIALAMIDE,10,252999-1G
68,"2,5-DIHYDROFURAN",10,253170-25G
69,4-CHLORO-2-ISOPROPYL-5-METHYLPHENOL,20,261416-25G
70,N-ACETYLPROCAINAMIDE,3,269476-1G
71,4-(CHLOROMETHYL)BENZOYL CHLORIDE,10,270784-5G
72,AZETIDINE,10,281069-1G
73,OXACILLIN SODIUM SALT,100,28221-1G
74,SEBACIC ACID,5,283258-5G
75,CETYLPYRIDINIUM BROMIDE HYDRATE,1,285315-100G
76,KHELLIN,"0,5",286419-25G
77,"OLEIC ACID, POTASSIUM",100,291242-25G
78,2-BENZYLIMIDAZOLINE,4,293490-1G
79,TRYPAN BLUE,5,302643-25G
80,"4,4'-DDT",2,31041-100MG
81,1-NAPHTHOL,1,31097-1G
82,SODIUM CACODYLATE TRIHYDRATE,"0,5",31533-250MG
83,DIETHANOLAMINE,10,31589-100G
84,ARECOLIN HYDROBROMIDE,"0,6",31593-250MG
85,CAPTAN,10,32054-250MG
86,LEVOTHYROXINE SODIUM HYDRATE,"0,015",32995-25MG
87,ROSE BENGAL,10,330000-1G
88,Ethoxzolamide,20,333328-1G
89,POTASSIUM CLAVULANATE,5,33454-100MG
90,Carprofen,5,33975-100MG-R
91,PHENAZOPYRIDINE HYDROCHLORIDE,10,34076-100MG
92,IMAZAMOX,"0,1",34227-100MG
93,COPPER(II) D-GLUCONATE,10,344419-100G
94,MAGNESIUM PHOSPHATE HYDRATE,500,344702-500G
95,CALCIUM L-ASCORBATE DIHYDRATE,200,359645-100G
96,CALCIUM CITRATE TETRAHYDRATE,200,359734-250G
97,"(S,R)-NOSCAPINE",10,363960-5G
98,Chlorobutanol,"0,5",36681-1G
99,ALLYL ISO-THIOCYANATE,"0,2",36682-1G
100,BROMOFORM,20,36972-1G
101,"2,4-THIAZOLIDINEDIONE",50,375004-25G
102,(S)-(+)-Ibuprofen,40,375160-1G
103,Deferiprone,20,379409-5G
104,Ipriflavone ,30,381551-5G
105,Rimantadine hydrochloride,10,390593-1G
106,"N,N-DIMETHYLETHANOLAMINE",4,391263-100ML
107,ACETANILIDE,20,397237-1G
108,10-UNDECYNOIC ACID,5,406546-1G
109,(S)-(+)-NOREPINEPHRINE L-BITARTRATE,"0,4",407453-1G
110,SODIUM IODIDE,10,409286-1G
111,CALCIUM BROMIDE,50,413631-1G
112,Lidofenin ,20,414042-250MG
113,LITHIUM BROMIDE,10,429465-5G
114,TRAMADOL HYDROCHLORIDE,20,42965-1G-F
115,TELLURIUM DIOXIDE,"2,5",435902-5G
116,DODECYLAMINE,1,44172-5G
117,N-ETHYL-N-ISOPROPYLANILINE,10,443336-10G
118,ACITRETIN,1,44707-100MG
119,INDIUM(I) CHLORIDE,20,449210-2G
120,FERROUS GLUCONATE HYDRATE,100,44948-250G
121,CHROMIUM(III) CHLORIDE,1,450790-5G
122,STRONTIUM CHLORIDE,2,451282-5G
123,ERGOTAMINE D-TARTRATE,"0,1",45510-1G-F
124,2-HYDROXYBIPHENYL,2,45529-250MG
125,PIPERONYL BUTOXIDE,2,45626-100MG
126,PYRANOCOUMARIN,15,45647-250MG
127,SULFAQUINOXALINE,10,45662-250MG
128,ESERINE SALICYLATE,"0,05",45720-1G
129,2-BENZOYLCYCLOHEXANONE,10,461229-5G
130,DIENESTROL,"0,2",46190-100MG
131,(S)-(+)-2-AMINOHEPTANE,5,462632-1G
132,GENTAMICIN SULFATE SALT HYDRATE,6,46305-250MG
133,MORANTEL TARTRATE MONOHYDRAT,3,46473-250MG
134,"17BETA-ESTRADIOL 3,17-DIPROPIONATE","0,5",46554-250MG
135,PENICILLINE G POTASSIUM SALT,20,46609-250MG
136,PYRIMETHAMINE,2,46706-250MG
137,ROXARSONE,1,46724-250MG
138,FOLINIC ACID CALCIUM SALT HYDRATE,20,47612-1G
139,CIS-DIAMMINEDICHLOROPLATINUM(II),1,479306-1G
140,MAGNESIUM BROMIDE,50,495093-1G
141,GLYCYRRHIZIC ACID AMMONIUM SALT,60,50531-10G
142,DIMETHYL PHTHALATE,50,525081-1L
143,HYDROQUINONE MONOMETHYL ETHER,40,54050-100G
144,D-CARNITINE (was 544361-1G),50,544361-1G
145,"N-SUCCINYL SULFANILAMIDE, SODIUM",50,546666-5G
146,BUTYL 4-HYDROXYBENZOATE,75,54680-50G-F
147,2-BENZYL-4-CHLOROPHENOL,1,548618-25G
148,2-HYDROXYBIPHENYL SODIUM ,10,54911-250G-F
149,ALUMINUM CHLORIDE,10,563919-5G
150,SPARFLOXACIN,20,56968-1G-F
151,"3-[2,5-Bis(bromomethyl)-4-methoxyphenoxy]-1-propanesulfonyl chloride",20,575488-1G
152,LOSARTAN POTASSIUM,10,61188-100MG
153,BENZOYL PEROXIDE,20,632651-500G
154,SODIUM 2-MERCAPTOETHANESULFONATE,80,63705-10G
155,4-(Boc-amino)-1-[(2-hydroxyphenyl)(thiophen-2-yl)methyl]piperidine,10,653403-1G
156,"(+/-)-EXO,EXO-2,3-CAMPHANEDIOL",50,658731-1G
157,N-BENZYLPIPERIDINE-4-CARBOXALDEHYDE,10,664081-1G
158,6-METHYL-2-THIOURACIL,100,69400-100G
159,2-NAPHTHOL,100,70448-5G
160,SODIUM BENZOATE,300,71295-50G
161,IRGASAN,10,72779-5G-F
162,Nitrofurazone,30,73340-100G
163,NYSTATIN DIHYDRATE,10,74721-1G
164,ORPHENADRINE HYDROCHLORIDE,20,75517-5G
165,PATENT BLUE V,400,76270-10G
166,4-PENTYLPHENOL,50,77102-10G
167,PHENACETIN,100,77440-50G
168,DEXPANTHENOL,40,77624-100G-F
169,"2-PHENYL-1,3-INDANDIONE",5,78730-100G
170,PIPERAZINE,20,80621-25G
171,PYRETHRUM,10,82670-25G
172,SALICYLAMIDE,40,84228-1G
173,MENTHYL SALICYLATE,50,84320-100ML
174,Glucuronolactone,500,851450-100G-A
175,D-LEUCINE,100,855448-2.5G
176,D-TYROSINE,100,855456-5G
177,L-α-Methyl-DOPA,30,857416-5G
178,Tranexamic acid,100,857653-10G
179,TETRAETHYLTHIURAM DISULFIDE,130,86720-50G
180,PHENOTHIAZINE,"2,5",88580-50G
181,TRIETHYLMETHYLAMMONIUM BROMIDE,50,90485-25G
182,"(+)-N,N-DIETHYLNOREPHEDRINE HYDROCHLORIDE",15,92494-1G-F
183,STANNOUS FLUORIDE,20,96535-250G
184,ATROPINE,"0,0007",A0132-1G
185,P-AMINOBENZOIC ACID POTASSIUM,50,A0254-100G
186,ACETARSONE,"0,01",A0259-50G
187,ALVERINE CITRATE,20,A0424-5G
188,ALOIN,100,A0451-25G
189,8-ANILINO-1-NAPHTHALENESULFONIC ACID,20,A1028-5G
190,AMANTADINE HCL,30,A1260-5G
191,AMOXAPINE,10,A129-500MG
192,AMINOBENZTROPINE,2,A138-250MG
193,ACEMETACIN,"1,5",A1674-1G
194,AMINOPHYLLINE,15,A1755-25G
195,AMIKACIN SULFATE 1:2,40,A1774-1G
196,ACETOHEXAMIDE,10,A178-1G
197,Ascorbic acid 6-palmitate,50,A1968-25G
198,APRAMYCIN SULFATE,30,A2024-1G
199,Mafenide,80,A2134-25G
200,WARFARIN(R),"0,1",A2250-10G
201,Methacholine chloride,4,A2251-25G
202,ADENOSINE 5'-MONOPHOSPHATE,5,A2252-5G
203,5-AZACYTIDINE,10,A2385-1G
204,AMCINONIDE,20,A2428-1G
205,D-ARGININE,100,A2646-1G
206,AMODIAQUINE DIHYDROCHLORIDE DIHYDRATE,30,A2799-5G
207,ASTEMIZOLE,"1,5",A2861-50MG
208,AMINOPTERIN,"0,05",A3411-100MG
209,5-AMINOSALICYLIC ACID,60,A3537-25G
210,ACEBUTOLOL HYDROCHLORIDE,60,A3669-1G
211,ARTESUNATE,20,A3731-500MG
212,P-AMINOHIPPURIC ACID SODIUM,100,A3759-25G
213,ANTAZOLINE PHOSPHATE,40,A3766-1G
214,Tacrine hydrochloride,"0,5",A3773-1G
215,DELTA-AMINOLEVULINIC ACID HYDROCHLORIDE,10,A3785-1G
216,AMRINONE,10,A4056-1G
217,17A-ACETOXYPROGESTERONE,20,A4125-5G
218,ARBUTIN,50,A4256-10G
219,R(-)-APOMORPHINE HYDROCHLORIDE HEMIHYDRATE,3,A4393-1G
220,2-AMINO-5-CHLOROBENZOXAZOLE,20,A45807-1G
221,AZATHIOPRINE,30,A4638-1G
222,6-THIOGUANINE,1,A4882-1G
223,ALENDRONATE SODIUM TRIHYDRATE,5,A4978-100MG
224,L-ARGININE,500,A5006-100G
225,ANISOTROPINE METHYLBROMIDE,30,A5181-5G
226,ACETYLSALICYLIC ACID ,100,A5376-100G
227,AMLODIPINE BESYLATE,1,A5605-50MG
228,GAMMA-AMINO-N-BUTYRIC ACID,200,A5835-10G
229,ADRENOCHROME SEMICARBAZONE,10,A5877-1G
230,ANTIPYRINE,20,A5882-25G
231,AMIFOSTINE,5,A5922-100MG
232,ACETAZOLAMIDE,15,A6011-10G
233,AURANOFIN,"0,5",A6733-50MG
234,ACETYLCHOLINE IODIDE,10,A7000-5G
235,4-ACETAMIDOPHENOL,100,A7085-100G
236,3-ACETAMIDOPHENOL,20,A7205-25G
237,N-ACETYL-L-CYSTEINE,200,A7250-5G
238,(-)-NOREPINEPHRINE,"0,5",A7257-1G
239,AMILORIDE HYDROCHLORIDE HYDRATE,"0,5",A7410-1G
240,4-AMINOPHENYL SULFONE,20,A74807-100G
241,L-ASCORBIC ACID SODIUM,200,A7631-25G
242,(+/-)ATENOLOL,60,A7655-1G
243,ADENOSINE 5'-TRIPHOSPHATE DISODIUM,10,A7699-1G
244,6-AMINOCAPROIC ACID ,400,A7824-25G
245,4-AMINOPYRIDINE,30,A78403-25G
246,ALLANTOIN,200,A7878-25G
247,4-AMINOSALICYLIC ACID,100,A79604-5G
248,Tacrine hydrochloride,2,A79922-1G
249,ALLOPURINOL,4,A8003-5G
250,ACRIFLAVINE,2,A8126-25G
251,N-ACETYL-L-CYSTEINE ,80,A8199-10G
252,AMITRIPTYLINE HYDROCHLORIDE,20,A8404-10G
253,AMIODARONE HYDROCHLORIDE,50,A8423-1G
254,AMOXICILLIN,50,A8523-1G
255,ANCITABINE HCL,10,A8598-1G
256,N-ACETYL-D-GLUCOSAMINE,200,A8625-5G
257,ADENINE,50,A8626-1G
258,ALPRENOLOL HYDROCHLORIDE,5,A8676-1G
259,ALTRETAMINE,2,A8723-1G
260,ACARBOSE,100,A8980-1G
261,ADENOSINE,10,A9251-1G
262,L-ASPARTIC ACID,500,A9256-100G
263,AMPICILLIN,100,A9393-5G
264,L-NOREPINEPHRINE (+) BITARTRATE SALT,"0,3",A9512-1G
265,DL-AMINOGLUTETHIMIDE,20,A9657-1G
266,ADEFOVIR DIPIVOXIL,1,A9730-100MG
267,AMBROXOL HYDROCHLORIDE,10,A9797-5G
268,P-AMINOBENZOIC ACID,60,A9878-1G
269,ANTAZOLINE HYDROCHLORIDE,15,A9899-25G
270,PHENOXYBENZAMINE HCL,20,B019-250MG
271,BUFEXAMAC,20,B0760-10G
272,BASIC FUCHSIN,1,B0904-5G
273,BENAZEPRIL HYDROCHLORIDE,"0,2",B0935-500MG
274,BUPROPION HCL,"7,5",B102-1G
275,BISACODYL,"0,5",B1390-10G
276,2-BROMO-A-ERGOCRYPTINE METHANESULFONATE,1,B2134-250MG
277,BISOPROLOL HEMIFUMARATE,1,B2185-50MG
278,"L-BUTHIONINE-(S,R)-SULFOXIMINE",1,B2515-1G
279,BETAINE,100,B2629-50G
280,BUSULFAN,"0,2",B2635-10G
281,BECLOMETHASONE DIPROPIONATE,"0,5",B3022-1G
282,BUMETANIDE,1,B3023-1G
283,BERBERINE CHLORIDE,50,B3251-5G
284,BENZYLDIMETHYLHEXADECYLAMMONIUM CHLORIDE,2,B4136-25G
285,Halothane ,2,B4388-250ML
286,BIOTIN,10,B4501-1G
287,BETAHISTINE DIHYDROCHLORIDE,20,B4638-5G
288,BEPRIDIL HYDROCHLORIDE,12,B5016-100MG
289,BEKANAMYCIN SULFATE,20,B5264-1G
290,BUPIVACAINE HYDROCHLORIDE,10,B5274-1G
291,BIPERIDEN HYDROCHLORIDE,"0,2",B5311-50MG
292,BACLOFEN,"2,5",B5399-500MG
293,BENZYDAMINE HYDROCHLORIDE,1,B5524-5G
294,BEPHENIUM HYDROXYNAPHTHOATE,150,B5650-10G
295,BETAXOLOL HYDROCHLORIDE,"0,6",B5683-50MG
296,BENDROFLUMETHIAZIDE,2,B5775-1G
297,BUFLOMEDIL HYDROCHLORIDE,30,B5899-1G
298,BENZYL BENZOATE,10,B6630-1L
299,BORIC ACID,50,B6768-500G
300,BENACTYZINE HYDROCHLORIDE,3,B704-10G
301,BUSPIRONE HYDROCHLORIDE,10,B7148-1G
302,BENZTHIAZIDE,10,B7149-1G
303,BENSERAZIDE HYDROCHLORIDE,20,B7283-1G
304,BETAMETHASONE 21-PHOSPHATE DISODIUM,"0,3",B7652-1G
305,N-BUTYL-P-AMINOBENZOATE,40,B7753-100G
306,BUDESONIDE,"0,01",B7777-250MG
307,BENZOIN,50,B8681-5G
308,BENZETHONIUM CHLORIDE,1,B8879-100G
309,Benoxinate hydrochloride,20,B9050-5G
310,L-CARNITINE INNER SALT,50,C0158-1G
311,CHLORAMBUCIL,"0,2",C0253-1G
312,CHLORAMPHENICOL,200,C0378-5G
313,CROMOLYN SODIUM,30,C0399-1G
314,CLIDINIUM BROMIDE,2,C0414-1G
315,CICLOPIROX OLAMINE,10,C0415-1G
316,CAFFEINE,20,C0750-5G
317,CYCLOPHOSPHAMIDE MONOHYDRATE,2,C0768-1G
318,CALCIUM CHLORIDE,200,C1016-100G
319,CARMINE,30,C1022-5G
320,CYCLOPENTANECARBOXYLIC ACID,20,C112003-5G
321,CHLORPROPAMIDE,30,C1290-25G
322,S-(-)-CARBIDOPA,5,C1335-100MG
323,CURCUMIN,70,C1386-5G
324,CHOLINE BITARTRATE,100,C1629-100G
325,CHLORPROTHIXENE HYDROCHLORIDE,10,C1671-1G
326,CYTOSINE B-D-ARABINOFURANOSIDE,5,C1768-1G
327,Citric acid,200,C1857-100G
328,CARBOPLATIN,"0,7",C2538-250MG
329,(+-)-CHLORPHENIRAMINE MALEATE,2,C3025-5G
330,CORTISONE ACETATE,5,C3130-1G
331,CEPHALOSPORIN C ZINC,50,C3270-5G
332,CYPROTERONE ACETATE,1,C3412-250MG
333,Cyanocobalamin,50,C3607-5G
334,CETIRIZINE DIHYDROCHLORIDE,20,C3618-250MG
335,Chloroxylenol ,10,C38303-100G
336,COLCHICINE,"0,1",C3915-1G
337,CARVEDILOL,1,C3993-250MG
338,CARBAMAZEPINE,40,C4024-1G
339,CAPTOPRIL,30,C4042-5G
340,CAPREOMYCIN SULFATE ,10,C4142-1G
341,CREATININE,200,C4255-10G
342,COUMARIN,3,C4261-50G
343,N-CARBAMYL-L-GLUTAMIC ACID,40,C4375-5G
344,CARBAMYLCHOLINE CHLORIDE,"0,005",C4382-1G
345,CHLORZOXAZONE,40,C4397-25G
346,2-CHLORO-2'-DEOXYADENOSINE,"0,1",C4438-25MG
347,CIMETIDINE,100,C4522-5G
348,CYCLOBENZAPRINE HYDROCHLORIDE,2,C4542-1G
349,CHOLESTYRAMINE RESIN,300,C4650-25G
350,CARBETAPENTANE CITRATE,4,C4662-1G
351,CARBENOXOLONE DISODIUM,30,C4790-1G
352,CHLORTETRACYCLINE HYDROCHLORIDE,20,C4881-5G
353,CEPHALEXIN HYDRATE,50,C4895-5G
354,CHLOROTHIAZIDE,100,C4911-50G
355,(+)-CHLORPHENIRAMINE MALEATE,1,C4915-1G
356,CAPRYLIC ACID SODIUM,100,C5038-10G
357,CLEMIZOLE HYDROCHLORIDE,10,C5040-25G
358,CHLORMADINONE ACETATE,"0,1",C5145-1G
359,CARBAMYL-B-METHYLCHOLINE CHLORIDE,6,C5259-5G
360,CINNARIZINE,8,C5270-10G
361,CLENBUTEROL HYDROCHLORIDE,"0,01",C5423-250MG
362,CHLOROPHYLLIN SODIUM-COPPER COMMERCIAL G,100,C6003-5G
363,CLOTRIMAZOLE,10,C6019-5G
364,Cyproheptadine hydrochloride sesquihydrate,1,C6022-1G
365,CLOMIPHENE CITRATE,1,C6272-1G
366,SODIUM CHOLATE HYDRATE,100,C6445-10G
367,CHLOROQUINE DIPHOSPHATE,5,C6628-25G
368,Clofibrate,50,C6643-1G
369,CEFADROXIL,30,C7020-1G
370,CANRENOIC ACID POTASSIUM,10,C7287-5G
371,CLOMIPRAMINE HYDROCHLORIDE,20,C7291-1G
372,CLOFARABINE,"0,1",C7495-25MG
373,CHOLESTEROL,100,C75209-25G
374,D-CYCLOSERINE (was C7670-200MG 9/23/10),20,C7670-200MG
375,S-CARBOXYMETHYL-L-CYSTEINE,100,C7757-1G
376,CITALOPRAM HYDROBROMIDE,1,C7861-50MG
377,CLONIDINE HYDROCHLORIDE,"0,05",C7897-1G
378,(-)-CINCHONIDINE,1,C80407-10G
379,CINEOLE,10,C80601-500ML
380,CHLORPROMAZINE HYDROCHLORIDE,15,C8138-5G
381,CALCIUM GLUCONATE,100,C8231-100G
382,CARBINOXAMINE MALEATE,3,C8278-10G
383,CINOXACIN,50,C8645-1G
384,CYSTAMINE DIHYDROCHLORIDE,10,C8707-25G
385,L-CYSTINE,300,C8755-100G
386,CARISOPRODOL,50,C8759-25G
387,CLOFAZIMINE,15,C8895-1G
388,CLOXACILLIN SODIUM MONOHYDRATE,60,C9393-1G
389,(1R)-(-)-10-CAMPHORSULFONIC ACID,"0,5",C9655-25G
390,CLARITHROMYCIN,5,C9742-1G
391,TRANS-B-CAROTENE,"0,2",C9750-5G
392,CHOLECALCIFEROL,"0,3",C9756-1G
393,CYCLOTHIAZIDE,1,C9847-25MG
394,DIBUCAINE,5,D0513-5G
395,"7-(2,3 DIHYDROXYPROPYL)THEOPHYLLINE",60,D0633-500G
396,DOBUTAMINE HYDROCHLORIDE,"0,5",D0676-50MG
397,"N,N-DIETHYL-M-TOLUAMIDE",20,D100951-100G
398,DESLORATADINE,1,D1069-50MG
399,"1,8-DIHYDROXYANTHRAQUINONE",70,D108103-100G
400,Iodoquinol ,10,D123609-100G
401,DECAMETHONIUM BROMIDE,"0,5",D1260-5G
402,"2,6-DIISOPROPYLPHENOL",20,D126608-5G
403,DEXTRORPHAN TARTRATE,4,D127-500MG
404,DEBRISOQUINE SULFATE,10,D1306-100MG
405,DROPERIDOL,2,D1414-1G
406,Melevodopa hydrochloride,100,D1507-1G
407,"1,1-DIMETHYLBIGUANIDE HYDROCHLORIDE",300,D150959-5G
408,"1,5-DIMETHYLHEXYLAMINE",20,D161292-25G
409,"5,5-DIMETHYLHYDANTOIN",50,D161403-100G
410,Docusate sodium salt,20,D1685-100G
411,DIMENHYDRINATE,5,D2396-10G
412,DEOXYCHOLIC ACID,10,D2510-10G
413,DILTIAZEM HYDROCHLORIDE,20,D2521-1G
414,Dextromethorphan hydrobromide,4,D2531-5G
415,DIMETHYL SULFOXIDE,60,D2650-100ML
416,DIHYDROERGOTAMINE METHANESULFONATE,20,D2763-1G
417,DITHRANOL,20,D2773-1G
418,DIFLUNISAL,10,D3281-5G
419,DIPHENYLPYRALINE HYDROCHLORIDE,1,D3518-5G
420,DIPHENHYDRAMINE HYDROCHLORIDE,10,D3630-5G
421,DEHYDROCHOLIC ACID,20,D3750-25G
422,DEQUALINIUM CHLORIDE HYDRATE,2,D3768-5G
423,DOXYLAMINE SUCCINATE,2,D3775-5G
424,DIETHYLSTILBESTROL DIPROPIONATE,20,D3881-1G
425,2'-DEOXYCYTIDINE,2,D3897-1G
426,DESIPRAMINE HYDROCHLORIDE,5,D3900-1G
427,"5,5-DIPHENYLHYDANTOIN",10,D4007-5G
428,DIRITHROMYCIN,20,D4065-1G
429,(+-)-DROPROPIZINE,20,D4285-5G
430,1-6-DIBROMO-1-6-DIDEOXY-D-MANNITOL,5,D4393-250MG
431,DICHLOROMETHYLENEDIPHOSPHONIC ACID SODIUM,20,D4434-1G
432,"5,5-DIPHENYLHYDANTOIN SODIUM",30,D4505-25G
433,DOXEPIN HYDROCHLORIDE,3,D4526-1G
434,DIETHYLSTILBESTROL,10,D4628-1G
435,Chlorquinaldol ,6,D5164-50G
436,Levonordefrin ,2,D5290-100MG
437,DEHYDROISOANDROSTERONE 3-SULFATE SODIUM,10,D5297-1G
438,DICHLOROACETIC ACID,50,D54702-5G
439,DIGOXIN,"0,0001",D6003-1G
440,DISOPYRAMIDE PHOSPHATE,20,D6035-1G
441,Chloroxine ,50,D64600-5G
442,DIETHYLENETRIAMINEPENTAACETIC ACID,30,D6518-5G
443,DICLOFENAC SODIUM,3,D6899-10G
444,Halazone,70,D7044-100G
445,"3,4-DIAMINOPYRIDINE",15,D7148-1G
446,DIHYDROSTREPTOMYCIN SESQUISULFATE,20,D7253-5G
447,DEMECOLCINE,"0,5",D7385-50MG
448,DISOPYRAMIDE,10,D7644-5G
449,"MESO-2,3-DIMERCAPTOSUCCINIC ACID",40,D7881-1G
450,DICYCLOMINE HYDROCHLORIDE,20,D7909-5G
451,4-DIMETHYLAMINOANTIPYRINE,20,D8015-25G
452,DANAZOL,"0,3",D8399-1G
453,DIPERODON HYDROCHLORIDE,40,D8536-5G
454,DIETHYLCARBAMAZINE CITRATE,20,D8765-25G
455,DIPYRONE,60,D8890-25G
456,DIAZOXIDE,20,D9035-1G
457,DANTROLENE SODIUM,30,D9175-1G
458,Dexamethasone,"1,5",D9184-1G
459,DEFEROXAMINE MESYLATE,50,D9533-1G
460,"L-3,4-DIHYDROXYPHENYLALANINE",100,D9628-5G
461,DEXTROMETHORPHAN HYDROBROMIDE,15,D9684-5G
462,DIPYRIDAMOLE,20,D9766-1G
463,DOXAZOSIN MESYLATE,4,D9815-250MG
464,"N,N-DIETHYLNICOTINAMIDE",2,D98807-25G
465,DOXYCYCLINE HYCLATE,20,D9891-1G
466,ETHAMIVAN,5,E0137-10G
467,ETHISTERONE,"0,5",E1001-25G
468,ERGOCORNINE,"0,1",E131-100MG
469,ETOPOSIDE,1,E1383-250MG
470,ETHYL P-AMINOBENZOATE,15,E1501-100G
471,B-ESTRADIOL 17-VALERATE,5,E1631-1G
472,EVANS BLUE,20,E2129-10G
473,EMETINE DIHYDROCHLORIDE HYDRATE,1,E2375-1G
474,"2-ETHYL-1,3-HEXANEDIOL",20,E29125-500G
475,EDROPHONIUM CHLORIDE,10,E3256-1G
476,ENOXACIN,100,E3764-1G
477,(-)-EPINEPHRINE (+)BITARTRATE,"0,02",E4375-1G
478,2-ETHOXYBENZAMIDE,50,E4402-5G
479,ETHAMBUTOL DIHYDROCHLORIDE,100,E4630-25G
480,ECONAZOLE NITRATE,10,E4632-5G
481,(+-)-EPINEPHRINE HYDROCHLORIDE,"0,3",E4642-5G
482,ETHACRYNIC ACID,5,E4754-1G
483,17A-ETHYNYLESTRADIOL,"0,005",E4876-1G
484,EUGENOL,50,E51791-5G
485,ERGOCALCIFEROL,"0,5",E5750-1G
486,ETHIONAMIDE,30,E6005-5G
487,ERYTHROMYCIN,20,E6376-25G
488,ERGONOVINE MALEATE,1,E6500-500MG
489,ETHYLENEDIAMINETETRAACETIC ACID tetrasodium salt dihydrate,2,E6511-100G
490,ENALAPRIL MALEATE,5,E6888-1G
491,ETHOSUXIMIDE,100,E7138-5G
492,ETHYNODIOL DIACETATE,"0,03",E7263-500MG
493,ESOMEPRAZOLE MAGNESIUM DIHYDRATE,2,E7906-250MG
494,ESMOLOL HYDROCHLORIDE,"0,2",E8031-50MG
495,ESCULIN HYDRATE,40,E8250-5G
496,ESERINE,"0,1",E8375-1G
497,B-ESTRADIOL 3-BENZOATE,2,E8515-1G
498,B-ESTRADIOL,5,E8875-1G
499,ESTRONE,1,E9750-1G
500,FUSIDIC ACID SODIUM,10,F0881-1G
501,FENOTEROL HYDROBROMIDE,20,F1016-1G
502,FINASTERIDE,1,F1293-100MG
503,FENOPROFEN CALCIUM HYDRATE,20,F1517-5G
504,FUROSEMIDE,100,F4381-1G
505,FLUPHENAZINE DIHYDROCHLORIDE,2,F4765-1G
506,FLUNISOLIDE,"0,02",F5021-500MG
507,FERROUS FUMARATE,10,F5381-500G
508,FENOFIBRATE,15,F6020-5G
509,FLUDROCORTISONE ACETATE,"0,005",F6127-1G
510,FENSPIRIDE HYDROCHLORIDE,20,F6145-5G
511,FLUORESCEIN SODIUM,10,F6377-100G
512,FUSARIC ACID,10,F6513-1G
513,5-FLUOROURACIL,5,F6627-1G
514,FAMOTIDINE,20,F6889-1G
515,FOLIC ACID,"0,5",F7876-1G
516,FLUNARIZINE DIHYDROCHLORIDE,6,F8257-1G
517,FLURBIPROFEN,10,F8514-1G
518,FENBUFEN,20,F8755-5G
519,FLUOCINOLONE ACETONIDE,5,F8880-1G
520,FLUCONAZOLE,2,F8929-100MG
521,FLUFENAMIC ACID,3,F9005-10G
522,FURALTADONE HYDROCHLORIDE,20,F9255-25G
523,FLUOROMETHOLONE,8,F9381-500MG
524,FLUTAMIDE,10,F9397-1G
525,FURAZOLIDONE,50,F9505-10G
526,GLYBENCLAMIDE,5,G0639-5G
527,D-GLUTAMIC ACID,100,G1001-1G
528,GUANFACINE,"0,1",G1043-50MG
529,GUANABENZ ACETATE,2,G110-500MG
530,GUANIDINEACETIC ACID,200,G11608-25G
531,GLIPIZIDE,1,G117-1G
532,3-GLYCIDOXYPROPYLTRIMETHOXYSILANE (was G1535-5G 9-23-10),100,G1535-5G
533,GALANTHAMINE HYDROBROMIDE,"0,5",G1660-10MG
534,BETA-GLUTAMIC ACID,50,G1763-500MG
535,L-GLUTAMIC ACID HYDROCHLORIDE,1 000,G2128-100G
536,Gluconolactone,100,G2164-100G
537,GLICLAZIDE,20,G2167-5G
538,GLIMEPIRIDE,"0,2",G2295-250MG
539,GRANISETRON HYDROCHLORIDE,"0,1",G3796-50MG
540,L-GLUTATHIONE,50,G4251-1G
541,GRISEOFULVIN,200,G4753-5G
542,GUAIACOL,50,G5502-100G
543,GUAIACOL GLYCERYL ETHER,50,G5627-25G
544,L-GLUTATHIONE,100,G6529-1G
545,GLYCEROPHOSPHATE CALCIUM,500,G6626-100G
546,GUAIACOL GLYCERYL ETHER CARBAMATE,100,G7012-5G
547,SODIUM GLYCOCHOLATE HYDRATE,10,G7132-1G
548,GALLIC ACID,50,G7384-100G
549,GALLAMINE TRIETHIODIDE,20,G8134-5G
550,D-GLUTAMINE,50,G9003-1G
551,D-GLUCONIC ACID HEMIMAGNESIUM,500,G9130-100G
552,GEMFIBROZIL,50,G9518-5G
553,HEXETIDINE,5,H0633-10ML
554,HALOPERIDOL,"0,5",H1512-5G
555,HYDRALAZINE HYDROCHLORIDE,3,H1753-5G
556,HEXAMETHONIUM CHLORIDE,10,H2138-5G
557,4-HYDROXYDIPHENYLMETHANE,50,H25808-25G
558,2-HYDROXY-4-METHOXYBENZOPHENONE,50,H36206-5G
559,D-HISTIDINE,50,H3751-5G
560,HESPERETIN,20,H4125-1G
561,HYDROCORTISONE 21-ACETATE,20,H4126-1G
562,HYDROCHLOROTHIAZIDE,10,H4759-5G
563,HESPERIDIN METHYL CHALCONE,100,H5006-25G
564,HESPERIDIN,100,H5254-25G
565,HEMATOPORPHYRIN,20,H5518-5G
566,4'-HYDROXYPROPIOPHENONE,10,H55405-100G
567,1-HYDROXYPYRIDINE-2-THIONE ZINC,1,H6377-10G
568,HEXAMETHYLENETETRAMINE,20,H6404-500G
569,ETIDRONIC ACID,15,H6773-100G
570,HISTAMINE DIHYDROCHLORIDE,"0,2",H7250-5G
571,HEXESTROL,2,H7753-1G
572,HYDROXOCOBALAMIN ACETATE,10,H8017-1G
573,L-HISTIDINE MONOHYDROCHLORIDE,200,H8125-5G
574,3-HYDROXYTYRAMINE HCL,70,H8502-5G
575,HYDROXYUREA,150,H8627-1G
576,HYDROXYZINE DIHYDROCHLORIDE,30,H8885-10G
577,HYDROQUINONE,30,H9003-100G
578,B-HYDROXYETHYLTHEOPHYLLINE,30,H9006-25G
579,HYDROXYZINE PAMOATE,25,H9010-10G
580,"HEMIN, BOVINE",50,H9039-1G
581,HEXADECYLTRIMETHYLAMMONIUM BROMIDE,5,H9151-25G
582,IODIPAMIDE,20,I0639-5G
583,ISOXSUPRINE HYDROCHLORIDE,15,I0880-5G
584,IMIPRAMINE HYDROCHLORIDE,10,I0899-5G
585,Imexon ,10,I1631-1G
586,IPRATROPIUM BROMIDE,10,I1637-1G
587,INDAPAMIDE,"0,6",I1887-1G
588,INULIN FROM CHICORY ROOT,200,I2255-10G
589,ISONIAZID,5,I3377-5G
590,ISOETHARINE MESYLATE,10,I3639-1G
591,(+/-)IBUPROFEN,80,I4883-1G
592,MYO-INOSITOL,200,I5125-50G
593,IMIDAZOLE,40,I5513-5G
594,(PLUS-MINUS)-ISOPROTERENOL HYDROCHLORIDE,4,I5627-5G
595,(-)-ISOPROTERENOL HYDROCHLORIDE,4,I6504-1G
596,ITRACONAZOLE,1,I6657-100MG
597,INDOMETHACIN,1,I7378-5G
598,IMIPRAMINE HYDROCHLORIDE,4,I7379-5G
599,2-IODOBENZOIC ACID,2,I7675-25G
600,ISOPROPAMIDE IODIDE,2,I7882-10G
601,IVERMECTIN,"0,2",I8898-1G
602,KETOROLAC TROMETHAMINE,20,K1136-1G
603,KETOPROFEN,10,K1751-1G
604,KETOTIFEN FUMARATE,"0,05",K2628-1G
605,LABETALOL HYDROCHLORIDE,50,L1011-5G
606,LOXAPINE SUCCINATE,2,L106-500MG
607,LEVALLORPHAN TARTRATE,"0,5",L121-5MG
608,LANATOSIDE C,1,L2261-1G
609,LOMEFLOXACIN HYDROCHLORIDE,10,L2906-1G
610,CALCIUM LACTOBIONATE,200,L3375-100G
611,LITHIUM CHLORIDE,60,L4408-100G
612,LOPERAMIDE HYDROCHLORIDE,2,L4762-5G
613,LEFLUNOMIDE,1,L5025-100MG
614,LIDOCAINE HYDROCHLORIDE,2,L5647-15G
615,LOMUSTINE,1,L5918-100MG
616,LACTULOSE ,100,L7877-25G
617,D-LYSINE,20,L8021-1G
618,LANSOPRAZOLE,5,L8533-1G
619,(-)-TETRAMISOLE HYDROCHLORIDE,2,L9756-5G
620,R(-)-DEPRENYL HCL,"0,4",M003-1G
621,PROGLUMIDE SODIUM SALT,15,M006-500MG
622,MIRTAZAPINE,"0,5",M0443-50MG
623,MEGESTROL ACETATE,5,M0513-1G
624,METOCLOPRAMIDE MONOHYDROCHLORIDE,3,M0763-10G
625,MOEXIPRIL HYDROCHLORIDE,1,M0821-100MG
626,NAPROXEN SODIUM,15,M1275-5G
627,MECLOCYCLINE SULFOSALICYLATE,5,M1388-500MG
628,Dicumarol ,5,M1390-5G
629,METHOXYPHENAMINE HYDROCHLORIDE,10,M1641-5G
630,CAPSAICIN,"0,5",M2028-1G
631,MEVINOLIN,1,M2147-25MG
632,MEFLOQUINE HYDROCHLORIDE,2,M2319-100MG
633,METAPROTERENOL HEMISULFATE,4,M2398-1G
634,MEBENDAZOLE,3,M2523-25G
635,MIANSERIN HYDROCHLORIDE,2,M2525-1G
636,MAGNESIUM ACETATE,500,M2545-250G
637,MEXILETINE HYDROCHLORIDE,5,M2727-25G
638,MENTHOL,4,M2772-5G-A
639,METHYLERGONOVINE MALEATE,1,M2776-100MG
640,MINAPRINE DIHYDROCHLORIDE,1,M3157-1G
641,MEPIVACAINE HYDROCHLORIDE,10,M3189-1G
642,MEBEVERINE HYDROCHLORIDE,50,M3282-10G
643,8-METHOXYPSORALEN,1,M3501-1G
644,(+/-)-MICONAZOLE NITRATE,10,M3512-1G
645,METRONIDAZOLE,100,M3761-5G
646,MELOXICAM SODIUM SALT,5,M3935-100MG
647,METHAZOLAMIDE,20,M4156-1G
648,MEFENAMIC ACID,20,M4267-50G
649,MECLOFENAMIC ACID SODIUM,5,M4531-1G
650,MILRINONE,"0,1",M4659-50MG
651,METARAMINOL BITARTRATE,10,M4773-1G
652,MOXISYLYTE HYDROCHLORIDE,5,M5154-1G
653,MELATONIN,2,M5250-1G
654,MEGLUMINE DIATRIZOATE,100,M5266-10G
655,(+-)METOPROLOL-(+)TARTRATE,20,M5391-1G
656,MAGNESIUM HYDROXIDE,7,M5421-250G
657,MENADIONE,"0,1",M5625-25G
658,MEPENZOLATE BROMIDE,20,M5651-5G
659,MENADIONE SODIUM BISULFITE,10,M5750-25G
660,METHYL NICOTINATE,50,M59203-5G
661,2-METHOXYESTRADIOL,"0,4",M6383-50MG
662,METHOXAMINE HYDROCHLORIDE,1,M6524-1G
663,N-2-MERCAPTOPROPIONYL-GLYCINE,100,M6635-5G
664,METHYL SALICYLATE,2,M6752-1L
665,MISOPROSTOL METHYL ESTER,"0,3",M6807-10MG
666,2-MERCAPTOPURINE,2,M6875-100MG
667,MIFEPRISTONE,1,M8046-1G
668,MANGANESE SULFATE MONOHYDRATE,3,M8179-100G
669,MAGNESIUM CHLORIDE,500,M8266-100G
670,MIDODRINE HYDROCHLORIDE,2,M8277-1G
671,METHIMAZOLE,10,M8506-25G
672,MECAMYLAMINE HCL,"0,5",M9020-100MG
673,METHAPYRILENE HYDROCHLORIDE,10,M9125-25G
674,METHYLENE BLUE,20,M9140-25G
675,Meglumine,200,M9179-100G
676,MEMANTINE HYDROCHLORIDE,2,M9292-100MG
677,D-METHIONINE,100,M9375-5G
678,D-MANNITOL,1 000,M9546-250G
679,MAPROTILINE HYDROCHLORIDE,3,M9651-1G
680,CYSTEAMINE,30,M9768-5G
681,MERSALYL ACID,"0,5",M9784-1G
682,Methotrexate,1,M9929-25MG
683,NIFLUMIC ACID,25,N0630-10G
684,NARINGIN FROM CITRUS FRUIT,100,N1376-25G
685,NAFRONYL OXALATE,20,N1391-5G
686,NITRENDIPINE,1,N144-500MG
687,NIMODIPINE,5,N149-500MG
688,NOMIFENSINE MALEATE,7,N1530-100MG
689,NEOMYCIN SULFATE,200,N1876-25G
690,NADOLOL,40,N1892-1G
691,NEOSTIGMINE BROMIDE,1,N2001-1G
692,NALTREXONE HYDROCHLORIDE,2,N3136-1G
693,NAFCILLIN SODIUM,50,N3269-5G
694,NICLOSAMIDE,4,N3510-50G
695,NICOTINIC ACID,100,N4126-5G
696,19-NORETHINDRONE,"0,1",N4128-1G
697,NALBUPHINE HYDROCHLORIDE HYDRATE,1,N4396-100MG
698,NORDIHYDROGUAIARETIC ACID,50,N5023-1G
699,(-)-NICOTINE HYDROGEN TARTRATE,2,N5260-25G
700,NONANOIC ACID,100,N5502-25G
701,NAPHAZOLINE HYDROCHLORIDE,3,N5504-25G
702,Niacinamide,200,N5535-100G
703,NABUMETONE,100,N6142-5G
704,Novobiocin sodium salt,25,N6160-1G
705,β-Nicotinamide adenine dinucleotide hydrate,50,N7004-1G
706,NIZATIDINE,50,N7035-5G
707,NORTRIPTYLINE HYDROCHLORIDE,30,N7261-10G
708,NICARDIPINE HYDROCHLORIDE,5,N7510-1G
709,NIFEDIPINE,4,N7634-1G
710,NALOXONE HYDROCHLORIDE,1,N7758-1G
711,NITROFURANTOIN,10,N7878-10G
712,NICERGOLINE,10,N7889-100MG
713,Naproxen,5,N8280-5G
714,NILUTAMIDE,1,N8534-1G
715,NALIDIXIC ACID,20,N8878-5G
716,NOSCAPINE HYDROCHLORIDE,50,N9007-5G
717,NORFLOXACIN,20,N9890-1G
718,OXALIC ACID DISODIUM,40,O0136-100G
719,OXOLINIC ACID,100,O0877-5G
720,OMEPRAZOLE,20,O104-500MG
721,OXOLAMINE CITRATE,40,O2256-25G
722,OXYMETAZOLINE HYDROCHLORIDE,"0,1",O2378-5G
723,OROTIC ACID,40,O2750-10G
724,OXYBUTYNIN CHLORIDE,7,O2881-1G
725,OUABAIN OCTAHYDRATE,"0,1",O3125-1G
726,OXYTOCIN,"0,3",O4375-1000IU
727,OXETHAZAINE,20,O5380-5G
728,OXYPHENONIUM BROMIDE,20,O5501-1G
729,OXYTETRACYCLINE HYDROCHLORIDE,200,O5875-10G
730,PIPRAMOL DIHYDROCHLORIDE,2,O5889-100MG
731,Procysteine,100,O6254-5G
732,OXYPHENCYCLIMINE HYDROCHLORIDE,10,O7755-5G
733,OFLOXACIN,70,O8757-1G
734,PERINDOPRIL ERBUMINE,3,P0094-250MG
735,PINACYANOL CHLORIDE,1,P0392-250MG
736,PENTAMIDINE ISETHIONATE,20,P0547-1G
737,PINDOLOL,10,P0778-1G
738,DL-PROPRANOLOL HCL,20,P0884-1G
739,PHENOXYACETIC ACID,100,P1001-250G
740,2-PHENOXYETHANOL,50,P1126-1L
741,PHTHALYLSULFACETAMIDE,100,P1383-100G
742,PINACIDIL MONOHYDRATE,20,P154-1G
743,PICROTOXIN,"0,5",P1675-1G
744,D-PHENYLALANINE,200,P1751-5G
745,TRANS-2-PHENYLCYCLOPROPYLAMINE HEMISULFATE,1,P1761-25G
746,PENTOXIFYLLINE,60,P1784-10G
747,PIMOZIDE,3,P1793-1G
748,PROPIONIC ACID SODIUM,50,P1880-100G
749,4-PHENYLBUTYRIC ACID,200,P21005-25G
750,D-PANTOTHENIC ACID HEMICALCIUM,2,P2250-5G
751,PROSCILLARIDIN A,"0,5",P2428-100MG
752,PLURONIC F-127,200,P2443-250G
753,POTASSIUM TETRATHIONATE,10,P2926-25G
754,PENICILLIN-G SODIUM ,100,P3032-100MU
755,PAPAVERINE HYDROCHLORIDE,10,P3510-5G
756,PHENOL RED,100,P3532-5G
757,6-N-PROPYL-2-THIOURACIL,30,P3755-10G
758,PROCYCLIDINE HYDROCHLORIDE,7,P3794-1G
759,POLYGALACTURONIC ACID SODIUM,50,P3850-5G
760,1(2H)-PHTHALAZINONE,20,P39001-5G
761,PREDNISOLONE 21-SODIUM SUCCINATE,6,P4153-1G
762,2-PROPYLPENTANOIC ACID SODIUM,60,P4543-10G
763,PROPARACAINE HYDROCHLORIDE,1,P4554-1G
764,PROMETHAZINE HYDROCHLORIDE,15,P4651-25G
765,PRAZIQUANTEL,20,P4668-1G
766,PROPAFENONE HYDROCHLORIDE,15,P4670-5G
767,D-MINUS-PENICILLAMINE,50,P4875-1G
768,PREGNENOLONE ACETATE,50,P49902-5G
769,PIRACETAM,200,P5295-25G
770,PHOSPHOMYCIN DISODIUM,100,P5396-1G
771,PYRILAMINE MALEATE,20,P5514-5G
772,PROSTAGLANDIN E1,"0,001",P5515-10MG
773,PROSTAGLANDIN E2,"0,025",P5640-10MG
774,PIROXICAM,6,P5654-1G
775,PYRIDOXINE,100,P5669-5G
776,Propyl paraben,100,P5835-100G
777,2-PYRIDINEALDOXIME METHIODIDE,100,P60205-25G
778,PIPENZOLATE BROMIDE,5,P6085-1G
779,L-PHENYLEPHRINE HYDROCHLORIDE,10,P6126-5G
780,PREDNISONE,5,P6254-1G
781,PERPHENAZINE,8,P6402-1G
782,PENTYLENETETRAZOLE,5,P6500-25G
783,PILOCARPINE HCL,10,P6503-5G
784,IRON(III) PYROPHOSPHATE,200,P6526-100G
785,PROMAZINE HYDROCHLORIDE,20,P6656-25G
786,3-PYRIDYLCARBINOL,70,P66807-5G
787,PHENELZINE SULFATE,10,P6777-5G
788,Sodium phosphonoformate tribasic hexahydrate,100,P6801-1G
789,PHENIRAMINE MALEATE,12,P6902-5G
790,PHENFORMIN HYDROCHLORIDE,30,P7045-1G
791,PYRAZINAMIDE,200,P7136-10G
792,PRIMIDONE,20,P7295-5G
793,PIRENZEPINE DIHYDROCHLORIDE,30,P7412-1G
794,PHENTOLAMINE HYDROCHLORIDE,4,P7547-500MG
795,PROPIONYLPROMAZINE HYDROCHLORIDE,5,P7780-500MG
796,PRAZOSIN HYDROCHLORIDE,2,P7791-1G
797,PIPEMIDIC ACID,150,P7903-10G
798,PARGYLINE HCL,30,P8013-1G
799,PHENYLBUTAZONE,15,P8386-25G
800,PICROTOXININ,1,P8390-250MG
801,PHENYLTOLOXAMINE CITRATE,50,P8404-50G
802,Tranylcypromine HCL,2,P8511-1G
803,PODOPHYLLIN FROM PODOPHYLLUM EMODII,3,P8582-5G
804,PROBENECID,60,P8761-25G
805,PROTRIPTYLINE HYDROCHLORIDE,10,P8813-500MG
806,PROPANTHELINE BROMIDE,25,P8891-5G
807,PYRIDINE-2-ALDOXIME METHOCHLORIDE,100,P9053-5G
808,PROCHLORPERAZINE DIMALEATE,30,P9178-5G
809,PROCAINAMIDE HCL,50,P9391-25G
810,PRAMOXINE HYDROCHLORIDE,20,P9422-10G
811,PRILOCAINE HYDROCHLORIDE,10,P9547-1G
812,PROBUCOL,100,P9672-1G
813,PHENOLPHTHALEIN,40,P9750-100G
814,PYRIDOSTIGMINE BROMIDE,"0,5",P9797-1G
815,PROCAINE HYDROCHLORIDE,10,P9879-50G
816,MALATHION,4,PS86-500MG
817,Quinine sulfate salt,30,Q0132-10G
818,QUINAPRIL HYDROCHLORIDE,3,Q0632-500MG
819,QUINIDINE SULFATE DIHYDRATE,50,Q0875-10G
820,QUININE HEMISULFATE,20,Q1250-5G
821,QUINACRINE DIHYDROCHLORIDE,30,Q3251-25G
822,QUINIDINE,50,Q3625-5G
823,QUERCETIN,20,Q4951-10G
824,RAMIPRIL,3,R0404-250MG
825,RITODRINE HYDROCHLORIDE,10,R0758-1G
826,RESERPINE,"0,2",R0875-1G
827,RANITIDINE HCL,40,R101-1G
828,RILUZOLE,2,R116-500MG
829,RALOXIFENE HYDROCHLORIDE,10,R1402-1G
830,RU 26752,"0,5",R2153-100MG
831,ROLITETRACYCLINE,100,R2253-1G
832,ROPINIROLE HYDROCHLORIDE,30,R2530-100MG
833,RETINOIC ACID,20,R2625-1G
834,RIFAMPICIN,20,R3501-1G
835,ROXITHROMYCIN,20,R4393-1G
836,RIBOFLAVIN,10,R4500-5G
837,RETINOL ACETATE,20,R4632-1G
838,RUTIN HYDRATE,50,R5143-50G
839,RESORCINOL,40,R5645-100G
840,REPAGLINIDE,"0,5",R9028-250MG
841,KETANSERIN TARTRATE,2,S006-500MG
842,SODIUM METABORATE TETRAHYDRATE,50,S0251-500G
843,(+/-)-SOTALOL HYDROCHLORIDE,10,S0278-100MG
844,SILYMARIN,100,S0292-10G
845,SULFAMETER,100,S0383-5G
846,(+/-)-SYNEPHRINE,100,S0752-5G
847,SULFASALAZINE,50,S0883-10G
848,(-)SCOPOLAMINE HYDROCHLORIDE,10,S1013-1G
849,SUMATRIPTAN SUCCINATE,"0,5",S1198-50MG
850,SANTONIN,100,S1250-5G
851,SORBIC ACID,200,S1626-100G
852,(-)SCOPOLAMINE METHYL NITRATE,10,S2250-1G
853,K-STROPHANTHIN,"0,3",S2527-250MG
854,SODIUM SALICYLATE,100,S3007-500G
855,TIN(II) 2-ETHYLHEXANOATE,50,S3252-100G
856,SPIRONOLACTONE,50,S3378-1G
857,SORBITAN SESQUIOLEATE,100,S3386-1L
858,SUCCINIC ACID,100,S3674-100G
859,SELENO-DL-METHIONINE,2,S3875-1G
860,D-SERINE,100,S4250-5G
861,SODIUM DIATRIZOATE DIHYDRATE,200,S4506-10G
862,SAPONIN,100,S4521-10G
863,SALMETEROL XINAFOATE,"0,03",S5068-50MG
864,SULFAMETHIZOLE,100,S5632-10G
865,SODIUM BICARBONATE,200,S5761-500G
866,SALICYLIC ACID,30,S5922-100G
867,SODIUM POTASSIUM TARTRATE TETRAHYDRATE,100,S6170-500G
868,SULFAPYRIDINE,200,S6252-25G
869,SULFAMETHAZINE,200,S6256-25G
870,SULFISOXAZOLE,200,S6377-25G
871,STREPTOMYCIN SULFATE,40,S6501-5G
872,SULFADIMETHOXINE,100,S7007-10G
873,SULFAMETHOXYPYRIDAZINE,50,S7257-5G
874,SULFAMETHOXAZOLE,100,S7507-10G
875,(S)-(-)-SULPIRIDE,100,S7771-5G
876,SULFADOXINE,100,S7821-10G
877,(-)SCOPOLAMINE N-BUTYL BROMIDE,10,S7882-1G
878,SULINDAC,50,S8139-5G
879,SILVER NITRATE,5,S8157-10G
880,SUCCINYLCHOLINE CHLORIDE DIHYDRATE,5,S8251-25G
881,SALBUTAMOL,10,S8260-250MG
882,SAFFRON,10,S8381-1G
883,(-)SCOPOLAMINE METHYL BROMIDE,10,S8502-1G
884,SARSASAPOGENIN,1,S8534-100MG
885,SULFADIAZINE,100,S8626-25G
886,SULFACETAMIDE,200,S8627-100G
887,SULFAGUANIDINE,200,S8751-25G
888,SUCCINYLSULFATHIAZOLE,200,S8752-100G
889,SULFAMERAZINE,200,S8876-50G
890,SPIRAMYCIN,50,S9132-1G
891,SULFANILAMIDE,50,S9251-100G
892,(-+)-SULFINPYRAZONE,20,S9509-5G
893,SULCONAZOLE NITRATE,30,S9632-1G
894,SULFABENZAMIDE,200,S9757-25G
895,SULFATHIAZOLE,100,S9876-100G
896,SULFACHLOROPYRIDAZINE,100,S9882-100G
897,L-TRYPTOPHAN,200,T0254-1G
898,TARTRAZINE,100,T0388-100G
899,TIAPRIDE HYDROCHLORIDE,100,T0410-5G
900,THYMOL,10,T0501-100G
901,THIAPROLINE,5,T0631-25G
902,Trimethadione,100,T0781-1G
903,TIBOLONE,"0,1",T0827-500MG
904,TOLBUTAMIDE,40,T0891-25G
905,TENOXICAM,20,T0909-1G
906,TRICHLORMETHIAZIDE,1,T1016-1G
907,TRIFLUPERIDOL HCL,"0,25",T103-100MG
908,TETRAETHYLENEPENTAMINE,100,T11509-100G
909,TAMSULOSIN HYDROCHLORIDE,"0,3",T1330-50MG
910,(+/-)-ALPHA-LIPOIC ACID,50,T1395-1G
911,DL-TRIHEXYPHENIDYL HYDROCHLORIDE,5,T1516-5G
912,THEOPHYLLINE,40,T1633-50G
913,THYMIDINE (was T1895-1G 9/23/10),100,T1895-1G
914,D-TARTARIC ACID,100,T206-25G
915,TETRAETHYLAMMONIUM CHLORIDE,40,T2265-25G
916,TOLAZAMIDE,60,T2408-5G
917,TETRAMETHYLTHIURAM DISULFIDE,20,T24201-5G
918,L-THYROXINE SODIUM PENTAHYDRATE,"0,1",T2501-1G
919,TERBUTALINE HEMISULFATE,5,T2528-1G
920,TEMOZOLOMIDE,2,T2577-100MG
921,THYMOL IODIDE,40,T2763-25G
922,Liothyronine ,"0,02",T2877-1G
923,TRIFLUPROMAZINE HYDROCHLORIDE,25,T2896-25G
924,TRIMIPRAMINE MALEATE,40,T3146-5G
925,TETRACYCLINE,60,T3258-5G
926,TOLUIDINE BLUE O,20,T3260-5G
927,(+/-)-A-TOCOPHEROL ACETATE,20,T3376-5G
928,TOLPERISONE HYDROCHLORIDE,20,T3577-250MG
929,DL-M-TYROSINE,100,T3629-1G
930,Tetracaine,5,T3812-5G
931,TAUROCHOLIC ACID SODIUM SALT HYDRATE,10,T4009-1G
932,TRIAMTERENE,25,T4143-10G
933,TETRAHYDROZOLINE HYDROCHLORIDE,10,T4264-1G
934,THEOBROMINE,30,T4500-25G
935,THIAMINE HYDROCHLORIDE,30,T4625-5G
936,TERAZOSIN HYDROCHLORIDE,4,T4680-250MG
937,THIMEROSAL,2,T5125-10G
938,"2,2,2-TRICHLOROETHANOL",20,T54801-100G
939,TAMOXIFEN,2,T5648-1G
940,TRIETHANOLAMINE,100,T58300-25G
941,TRI(ETHYLENE GLYCOL),100,T59455-25G
942,TRIFLUOPERAZINE HYDROCHLORIDE,3,T6062-5G
943,TRAZODONE HYDROCHLORIDE,50,T6154-1G
944,TRIMEBUTINE,50,T6159-10G
945,TRIAMCINOLONE,"0,01",T6376-1G
946,TIMOLOL MALEATE,10,T6394-1G
947,TICLOPIDINE HYDROCHLORIDE,20,T6654-1G
948,TROMETHAMINE,100,T6687-100G
949,TRIPROLIDINE HYDROCHLORIDE,2,T6764-1G
950,TOLMETIN SODIUM DIHYDRATE,30,T6779-1G
951,TIZANIDINE HYDROCHLORIDE,1,T6950-50MG
952,TETRACAINE HYDROCHLORIDE,20,T7508-5G
953,TRIPELENNAMINE HYDROCHLORIDE,5,T7511-25G
954,2-THIOURACIL,30,T7750-25G
955,THONZONIUM BROMIDE,4,T7783-1G
956,TRIMETHOPRIM ,100,T7883-5G
957,TRIFLUOPERAZINE DIHYDROCHLORIDE,20,T8516-5G
958,THIABENDAZOLE,100,T8904-100G
959,THIORIDAZINE HYDROCHLORIDE,20,T9025-5G
960,TERFENADINE,40,T9652-5G
961,D-TRYPTOPHAN,100,T9753-5G
962,TROPICAMIDE,20,T9778-1G
963,BITHIONOL,40,T9881-10G
964,UREA,200,U0631-500G
965,Brimonidine ,2,U104-100MG
966,URETHANE,50,U2500-100G
967,D-VALINE,100,V1255-1G
968,VALETHAMATE BROMIDE,20,V1501-5G
969,VANCOMYCIN HCL,10,V2002-1G
970,1-VINYL-2-PYRROLIDINONE,30,V3409-5G
971,(+-)-VERAPAMIL HYDROCHLORIDE,15,V4629-1G
972,VINPOCETINE,1,V6383-100MG
973,TRANS-ANETHOLE,10,W208604-1KG-K
974,PEPPERMINT OIL,50,W284807-1KG-K
975,ALPHA-TERPINEOL,60,W304506-1KG-K
976,"2,6-DIISOPROPYLPHENOL",50,W505102-25G
977,XYLAZINE HYDROCHLORIDE,30,X1251-1G
978,XYLOMETAZOLINE HCL,5,X6000-5G
979,YOHIMBINE HYDROCHLORIDE,1,Y3125-1G
980,ZOMEPIRAC SODIUM,6,Z2625-1G
981,o-Vanillin,25,120804-10G
982,Tryptamine hydrochloride,40,246557-5G
983,Dianhydro-D-glucitol,20,329207-100G
984,Anastrozole  ,"0,3",A2736-10MG
985,Albendazole,20,A4673-10G
986,Clomiphene citrate salt,5,C6272-10G
987,"2,3-Dimercapto-1-propanol (was D1129-5ML never shipped)",5,D1129-5ML
988,Hydroflumethiazide,15,H8760-5G
989,Loratadine,"0,5",L9664-50MG
990,Nisoldipine  ,1,N0165-50MG
991,(±)-Octopamine hydrochloride,50,O0250-5G
992,Pentamidine isethionate salt,10,P0547-1G
993,Pergolide mesylate salt,"0,5",P8828-25MG
994,"1,3-DIMETHYL-3-PHENYL-2,5-PYRROLIDINEDIONE",10,PH000123
995,Sildenafil citrate salt,"0,5",PZ0003-25MG
996,PENTOLINIUM TARTRATE,5,R278084
997,PYRITHYLDIONE,10,R279072
998,Cyclandelate ,30,R288837
999,4-AMINO-3-PHENYL-BUTYRIC ACID,10,R396184
1000,"2,4-DICYANO-3-METHYL-3-PHENYLGLUTARIMIDE",5,S345768
1001,Proxyphylline ,30,S351288
1002,Homosalate ,5,S356662
1003,Beclamide ,50,S358282
1004,"4-BUTYL-3,5-DIKETO-1-PHENYLPYRAZOLIDINE",10,S359149
1005,Cyclizine ,5,S361267
1006,4'-BUTOXY-3-PIPERIDINOPROPIOPHENONE HYDROCHLORIDE,5,S403520
1007,"3,3,5-TRIMETHYLCYCLOHEXANOL",10,S419001
1008,DL-N-ETHYLNORPHENYLEPHRINE HYDROCHLORIDE,20,S447269
1009,2-CHLORO-4-PHENYLPHENOL,5,S447560
1010,AKTIVIN,10,S470155
1011,"2,6-DIALLYL-META-CRESOL",5,S511307
1012,1-(4-CHLORODIPHENYLMETHYL)-4-METHYLPIPERAZINE HYDROCHLORIDE,5,S511498
1013,Isobutamben ,5,S520608
1014,Chlorindanol ,10,S544752
1015,"DIMETHYL 1,2,2-TRIMETHYL-1,3-CYCLOPENTANEDICARBOXYLATE",5,S561800
1016,Trimetozine ,20,S570621
1017,"1-NAPHTHALENEACETIC ACID, SODIUM SALT",5,S572896
1018,Simvastatin,1,S6196-25MG
1019,"2,4-DINITROANISOLE",5,S627631
1020,"D-ALPHA,ALPHA'-BICAMPHOR",5,S721956
1021,Tyramine hydrochloride,50,T2879-25G
1022,Azaribine ,20,T340057
1023,Vanillin,50,W310700-SAMPLE-K
1024,2-Phenethylamine (was W322008),50,W322008-SAMPLE-K
1025,Glycerol,100,*in lab
1026,HEPES,20,*in lab
1027,MOPS,20,*in lab
1028,PIPES,20,*in lab
1029,Tioconazole,20,03907-10G
1030,Benzyl alcohol,20,305197-100ML
1031,Adiphenine hydrochloride,15,A3649-10G
1032,Azelastine Hydrochloride,"0,5",A7611-50MG
1033,CAPSO,20,C2278-25G
1034,trans-Dehydroandrosterone,10,D4000-25G
1035,Drofenine hydrochloride,10,D7402-10G
1036,Fenbendazole,100,F5396-100G
1037,Methiothepin mesylate salt,1,M149-250MG
1038,MES,20,M3671-50G
1039,Pirfenidone,"0,5",P2116-50MG
1040,Donepezil,1,Aricept Generic
1041,Taurine,200,T0625-100G
1042,L-Ornithine hydrochloride,200,O8305-100G