comp_id;compound_synonyms;pubchem_ids;chembl_ids;chebi_ids;kegg_comp_id0;kegg_comp_ids;kegg_drug_id0;kegg_drug_ids
1;sodium cyclamate;23665706;CHEMBL273977;CHEBI:82431;C19378;C19378;D02443;D02443
2;methyl paraben, methyl 4-hydroxybenzoate, methylparaben;7456;CHEMBL325372;CHEBI:31835;;;D01400;D01400
3;o-acetylsalicylic anhydride;15110;;;;;;
4;2-aminoethyl hydrogen sulfate, ethanolamine-o-sulfate, sulfuric acid mono 2-aminoethylester;70223;CHEMBL341858;;;;;
5;sulisobenzone;19988;CHEMBL2059073;CHEBI:135312;;;D05964;D05964
6;trans-terpin, terpin;6651;CHEMBL1513871, CHEMBL1414114, CHEMBL1651998;CHEBI:134806;;;;
7;2-iodohippuric acid, iodohippurate;8614;CHEMBL1681;CHEBI:140408;;;;
8;anthranilic acid;227;CHEMBL14173;CHEBI:30754;C00108;C00108;;
9;pyruvic acid, pyruvate;1060;CHEMBL1162144;CHEBI:32816;C00022;C00022;;
10;iodoform;6374;CHEMBL1451116;CHEBI:37758;C13383;C13383;D01910;D01910
11;benzyl salicylate;8363;CHEMBL460124;CHEBI:165211;;;;
12;bromothymol blue, bromothymol sulfone phthalein;6450;CHEMBL3392578;CHEBI:86155;;;;
13;bacitracin;6714010;CHEMBL1868381;CHEBI:94347;C01667;C01667;;
14;alpha-methyltyrosine, dl-alpha-methyltyrosine, alpha-methyltyrosine, amtp, racemetirosine;3125;CHEMBL1330596;;;;D11606;D11606
15;3,5-dibromosalicylaldehyde;7024;CHEMBL229251;;;;;
16;mechlorethamine, mechlorethamine hydrochloride, mechlorethamine, chlormethine, mustine;5935;CHEMBL1201001;CHEBI:55368;C07115;C07115;D04872;D04872, D07671
17;crotamiton;688020;CHEMBL1200709;CHEBI:31439;;;D01381;D01381
18;3,6-diaminoacridine, 3,6-diaminoacridine hydrochloride, 3,6-diaminoacridine, proflavine;197873;CHEMBL606782;CHEBI:74718;C11181;C11181;;
19;indigo carmine;2723854;CHEMBL2105023;CHEBI:31695;;;D01563;D01563
20;salicylanilide;6872;CHEMBL82970;CHEBI:239133;C18915;C18915;;
21;triethylenetetramine, trientine;5565;CHEMBL609;CHEBI:39501;C07166;C07166;;
22;dichlorophen;3037;CHEMBL33845;CHEBI:34689;C14292;C14292;;
23;3-methyl-1-pentyn-3-ol, methylpentynol;6494;CHEMBL501613;CHEBI:134752;;;D07332;D07332
24;2-benzylphenol;24216;CHEMBL122649;;;;;
25;veratrole;7043;CHEMBL1668603;CHEBI:59114;;;;
26;(-)-lobeline, (-)-lobeline hydrochloride, (-)-lobeline;101615, 45358761, 46202, 124081008;CHEMBL1257005, CHEMBL1321024;;C07475;C07475;;
27;isobutyramide;68424;CHEMBL352219;;;;;
28;phenyl salicylate;8361;CHEMBL1339216;CHEBI:34918;C14163;C14163;;
29;(r)-(-)-mandelic acid;11914;CHEMBL292411;CHEBI:17656;;;;
30;methacrylic acid;4093;CHEMBL1213531;CHEBI:25219;;;;
31;cyclobutanol;76218;CHEMBL449234;;;;;
32;4-(benzyloxy)phenol, monobenzone;7638;CHEMBL1388;CHEBI:34380;C14244;C14244;D05072;D05072
33;acetohydroxamic acid;1990;CHEMBL734;CHEBI:27777, CHEBI:49029;C06808;C06808;D00220;D00220
34;primaquine diphosphate;6135;CHEMBL43128;;;;;
35;succinonitrile;8062;CHEMBL1562258;;;;;
36;tannic acid, tannic acid powder, tannic acid;16129778, 16129878, 16131300, 16134267, 16133892, 134129492;CHEMBL506247, CHEMBL3039201;CHEBI:81066, CHEBI:75211;C13452;C13452;D01959;D01959
37;bromopyruvic acid;70684;CHEMBL177837;CHEBI:95046, CHEBI:131461;;;;
38;2-hydroxybenzyl alcohol, saligenin;5146;CHEMBL280802;CHEBI:16464;C02323;C02323;;
39;proline, dl-proline, proline;614;CHEMBL72275;CHEBI:26271;C16435;C16435;;
40;crocin;5281233, 24721245, 3510570, 56841542, 44630212, 126963628, 133562570;CHEMBL446785;CHEBI:79068;C08589;C08589;;
41;bromohexine, bromohexine hydrochloride, bromohexine;5702220;CHEMBL1319139;CHEBI:31303;;;;
42;3,3'-diethylthiadicarbocyanine iodide, dithiazanine iodide;6433197, 5702697, 91869351;CHEMBL421701;CHEBI:228275;C18391;C18391;;
43;ciprofloxacin;2764;CHEMBL8;CHEBI:100241;C05349;C05349;D00186;D00186
44;(+)-4-cholesten-3-one;91477;CHEMBL63243;CHEBI:16175;;;;
45;lithium benzoate;2724073;;;;;;
46;zirconium(iv) oxide;62395;;;;;;
47;4-hexylresorcinol;3610;CHEMBL443605;CHEBI:93749;;;;
48;lithium citrate, lithium citrate hydrate, lithium citrate;17749107;CHEMBL2103738, CHEMBL1201170;CHEBI:64754;;;D04749;D04749
49;beta-butyrolactone;18303;CHEMBL1361205;CHEBI:82296;C19201;C19201;;
50;4-methylpyrazole;3406;CHEMBL1308;CHEBI:5141;C07837;C07837;;
51;sodium diethyldithiocarbamate, sodium diethyldithiocarbamate trihydrate, sodium diethyldithiocarbamate;517546;CHEMBL3185333;;C19599;C19599;;
52;sodium nitroprusside;11953895;CHEMBL136478, CHEMBL2097081;CHEBI:9179;C07695;C07695;D00614;D00614
53;gallium(iii) nitrate, gallium(iii) nitrate hydrate, gallium(iii) nitrate, gallium nitrate;11550823, 61635;CHEMBL1200983;;;;D00940;D00940
54;pentaerythritol;8285;CHEMBL3186112;CHEBI:134760;;;D08331;D08331
55;d-sorbitol;5780;CHEMBL1682;CHEBI:17924;C00794;C00794;D00096;D00096
56;triacetin;5541;CHEMBL1489254;CHEBI:9661;;;D00384;D00384
57;saccharin;5143;CHEMBL310671;CHEBI:32111;C12283;C12283;D01085;D01085
58;quinoline;7047;CHEMBL14474;CHEBI:17362;C06413;C06413;;
59;benzoic acid;243;CHEMBL541;CHEBI:30746;C00180;C00180;D00038;D00038
60;sodium molybdate;61424;CHEMBL1801596;CHEBI:75215;C15455;C15455;;
61;benzyltrimethylammonium hydroxide;66854;CHEMBL3188269;;;;;
62;azelaic acid;2266;CHEMBL1238;CHEBI:48131;C08261;C08261;D03034;D03034
63;domiphen bromide;10866;CHEMBL486696;CHEBI:31514;;;D01588;D01588
64;5-chloro-8-hydroxy-7-iodoquinoline, clioquinol;2788;CHEMBL497;CHEBI:74460;;;D03538;D03538
65;5-chlorosalicylanilide;14869;CHEMBL1892375;;;;;
66;8-hydroxyquinoline;1923;CHEMBL310555;CHEBI:48981;C19434;C19434;;
67;nialamide;4472;CHEMBL1256841;CHEBI:94510;;;D07337;D07337
68;2,5-dihydrofuran;15570;CHEMBL117135;;;;;
69;4-chloro-2-isopropyl-5-methylphenol, chlorothymol;6982;CHEMBL1441646;;;;D07681;D07681
70;n-acetylprocainamide, acecainide;4342;CHEMBL1097;CHEBI:60728;;;;
71;4-(chloromethyl)benzoyl chloride;70136;;;;;;
72;azetidine;10422;CHEMBL2171713;CHEBI:30968;;;;
73;oxacillin sodium, oxacillin sodium salt, oxacillin sodium;23667631;CHEMBL693;CHEBI:52134;;;;
74;sebacic acid;5192;CHEMBL1232164;CHEBI:41865;C08277;C08277;;
75;cetylpyridinium bromide, cetylpyridinium bromide hydrate, cetylpyridinium bromide;16211806;CHEMBL1710321;;;;;
76;khellin;3828;CHEMBL44746;CHEBI:6133;C09010;C09010;;
77;oleic acid, potassium, potassium oleate;23665571;CHEMBL3122151;;;;;
78;2-benzylimidazoline, tolazoline;5504;CHEMBL770;CHEBI:28502;C07147;C07147;D08614;D08614
79;trypan blue;6296, 6297, 135442966, 4407718, 101417452, 135421783, 135903069;CHEMBL1640, CHEMBL177987, CHEMBL1089641, CHEMBL1206040;CHEBI:78897, CHEBI:78900, CHEBI:78899;C19307;C19307;;
80;4,4'-ddt;3036;CHEMBL416898;CHEBI:16130;;;;
81;1-naphthol;7005;CHEMBL122617;CHEBI:10319;C11714;C11714;;
82;sodium cacodylate, sodium cacodylate trihydrate, sodium cacodylate, cacodylic acid, dimethylarsinic acid;23679059;CHEMBL1231644;CHEBI:48765;;;;
83;diethanolamine;8113;CHEMBL119604;CHEBI:28123;C06772;C06772;D02337;D02337
84;arecolin, arecolin hydrobromide, arecolin;2230;CHEMBL7303;CHEBI:2814;C10129;C10129;;
85;captan;8606;CHEMBL388676;CHEBI:34608;C14438;C14438;;
86;levothyroxine sodium, levothyroxine sodium hydrate, levothyroxine sodium;23667619, 23666112;CHEMBL2103741;CHEBI:6447, CHEBI:6446;C08212;C08212;D01010;D01010
87;rose bengal;25474;CHEMBL1208422;CHEBI:87202;C20347;C20347;;
88;ethoxzolamide;3295;CHEMBL18;CHEBI:101096;;;D02441;D02441
89;potassium clavulanate;23665591;CHEMBL1003;CHEBI:85264;;;D02370;D02370
90;carprofen;2581;CHEMBL1316;CHEBI:364453;C18364;C18364;D03410;D03410
91;phenazopyridine, phenazopyridine hydrochloride, phenazopyridine;8691;CHEMBL1201022, CHEMBL1606101;CHEBI:71419;C19290;C19290, C07429;D05450;D05450
92;imazamox;86137;CHEMBL1881028;CHEBI:83742;C18598;C18598;;
93;copper(ii) d-gluconate;10692;;CHEBI:31431;;;;
94;magnesium phosphate, magnesium phosphate hydrate, magnesium phosphate;6096954;;;;;;
95;calcium l-ascorbate, calcium l-ascorbate dihydrate, calcium l-ascorbate;16211195, 118988852, 54682536;CHEMBL3184533;;;;;
96;calcium citrate, calcium citrate tetrahydrate, calcium citrate;5282392;;;;;D00933;D00933
97;(s,r)-noscapine;4544;CHEMBL402487;CHEBI:110185;;;;
98;chlorobutanol;5977;CHEMBL1439973;CHEBI:134813;;;D01942;D01942
99;allyl iso-thiocyanate;16211854;;;;;;
100;bromoform;5558;CHEMBL345248;CHEBI:38682;C14707;C14707;;
101;2,4-thiazolidinedione;5437;CHEMBL85398;CHEBI:50992;;;;
102;(s)-(+)-ibuprofen;39912;CHEMBL175;CHEBI:43415;;;;
103;deferiprone;2972;CHEMBL70927;CHEBI:68554;;;D07416;D07416
104;ipriflavone;3747;CHEMBL165790;CHEBI:31719;;;D01338;D01338
105;rimantadine, rimantadine hydrochloride, rimantadine;15165;CHEMBL535396, CHEMBL1200355;CHEBI:8865;C08094;C08094, C07236;D00901;D00901
106;n,n-dimethylethanolamine;7902;CHEMBL1135;CHEBI:271436;;;;
107;acetanilide;904;CHEMBL269644;CHEBI:28884;C07565;C07565;;
108;10-undecynoic acid;31039;;;;;;
109;(s)-(+)-norepinephrine l-bitartrate;168929;;;;;;
110;sodium iodide;5238;CHEMBL1644695;CHEBI:33167;C14042;C14042;D04874;D04874
111;calcium bromide;5360316;CHEMBL2105852;CHEBI:31338;C13189;C13189;D01723;D01723
112;lidofenin;42963;CHEMBL1400608;CHEBI:135229;;;D04730;D04730
113;lithium bromide;82050;;CHEBI:63042;;;D08135;D08135
114;tramadol, tramadol hydrochloride, tramadol;63013;CHEMBL1200336;CHEBI:75733;C07153;C07153;D01355;D01355
115;tellurium dioxide;62638;;;;;;
116;dodecylamine;13583;CHEMBL109904;;;;;
117;n-ethyl-n-isopropylaniline;4193577;;;;;;
118;acitretin;5284513;CHEMBL1131;CHEBI:50173, CHEBI:50172;;;D02754;D02754
119;indium(i) chloride;137947099;;;;;;
120;ferrous gluconate, ferrous gluconate hydrate, ferrous gluconate;16212939;;;;;;
121;chromium(iii) chloride;24808;;;;;;
122;strontium chloride;5362485;CHEMBL2219640;CHEBI:36383;;;;
123;ergotamine d-tartrate;9787;CHEMBL2131781;;;;;
124;2-hydroxybiphenyl;7017;CHEMBL108829;CHEBI:17043;C02499;C02499;;
125;piperonyl butoxide;5794;CHEMBL1201131;CHEBI:32687;C18880;C18880;D08383;D08383
126;pyranocoumarin;5794;CHEMBL1201131;CHEBI:32687;;;;
127;sulfaquinoxaline;5338;CHEMBL1437847;CHEBI:94719;;;D05952;D05952
128;eserine salicylate, physostigmine;657348;CHEMBL338975;CHEBI:48883;C06535;C06535;D02418;D02418
129;2-benzoylcyclohexanone;275627;CHEMBL1530511;;;;;
130;dienestrol;667476;CHEMBL1018;CHEBI:4518;C08090;C08090;D00898;D00898
131;(s)-(+)-2-aminoheptane;2734517;;;;;;
132;gentamicin sulfate, gentamicin sulfate salt hydrate, gentamicin sulfate;6419933;CHEMBL1200643;;C11334;C11334;;
133;morantel tartrate, morantel tartrate monohydrate, morantel tartrate, paratect;6433951, 6419965, 60196268;CHEMBL1445794, CHEMBL3186280;;;;;
134;17beta-estradiol 3,17-dipropionate;8225;CHEMBL1697791;CHEBI:31560;;;;
135;penicilline g potassium, penicilline g potassium salt, penicilline g potassium;23664709;CHEMBL1223;CHEBI:7963;;;;
136;pyrimethamine;4993;CHEMBL36;CHEBI:8673;C07391;C07391;D00488;D00488
137;roxarsone;5104;CHEMBL1321154;CHEBI:35817;;;D05771;D05771
138;folinic acid calcium, folinic acid calcium salt hydrate, folinic acid calcium, calcium folinate;135403647;CHEMBL1201138;CHEBI:31340;;;D01211;D01211
139;cis-diamminedichloroplatinum(ii), cisplatin;5702198;;;C06911;C06911;;
140;magnesium bromide;82241;;;;;;
141;glycyrrhizic acid, glycyrrhizic acid ammonium salt, glycyrrhizic acid, glycyrrhizin;62074, 656656, 71587482;CHEMBL441687;CHEBI:81864, CHEBI:15939;C02284;C02284;D00157;D00157
142;dimethyl phthalate;8554;CHEMBL323348;CHEBI:4609;C11233;C11233;;
143;hydroquinone monomethyl ether, mequinol;9015;CHEMBL544;CHEBI:69441;;;D04926;D04926
144;d-carnitine;2724480;CHEMBL503189;CHEBI:11060;C15025;C15025;;
145;n-succinyl sulfanilamide, n-succinyl sulfanilamide, sodium, n-succinyl sulfanilamide;23712135;;;;;;
146;butyl 4-hydroxybenzoate, butylparaben;7184;CHEMBL459008;CHEBI:88542;;;D01420;D01420
147;2-benzyl-4-chlorophenol;8425;CHEMBL1328919;;;;;
148;2-hydroxybiphenyl sodium, 2-phenylphenol sodium;517383;CHEMBL1903906;;;;;
149;aluminum chloride;24012;CHEMBL3833401;CHEBI:30114;;;;
150;sparfloxacin;60464;CHEMBL850;CHEBI:9212;C07662;C07662;D00590;D00590
151;3-[2,5-bis(bromomethyl)-4-methoxyphenoxy]-1-propanesulfonyl chloride;3446491;;;;;;
152;losartan potassium;11751549, 23663390, 11476710, 9847164, 3961, 25749227;CHEMBL995;CHEBI:6541, CHEBI:149504;;;D00357;D00357
153;benzoyl peroxide;7187;CHEMBL1200370;CHEBI:82405;C19346;C19346;D03093;D03093
154;sodium 2-mercaptoethanesulfonate, mesna;23662354;CHEMBL975;CHEBI:31824;;;D01459;D01459
155;4-(boc-amino)-1-[(2-hydroxyphenyl)(thiophen-2-yl)methyl]piperidine;16217933;;;;;;
156;exo,exo-2,3-camphanediol, (+/-)-exo,exo-2,3-camphanediol, exo,exo-2,3-camphanediol;11768995;;;;;;
157;n-benzylpiperidine-4-carboxaldehyde;89584;;;;;;
158;6-methyl-2-thiouracil;667493;CHEMBL1330588;CHEBI:82346;;;;
159;2-naphthol;8663;CHEMBL14126;CHEBI:10432;C11713;C11713;;
160;sodium benzoate;517055;CHEMBL1356;CHEBI:113455;;;D02277;D02277
161;irgasan, triclosan;5564;CHEMBL849;CHEBI:164200;C12059;C12059;D06226;D06226
162;nitrofurazone;5447130;CHEMBL869;CHEBI:44368;C08042;C08042;D00862;D00862
163;nystatin, nystatin dihydrate, nystatin;11468707;CHEMBL4303481;;C06572;C06572;;
164;orphenadrine, orphenadrine hydrochloride, orphenadrine;9568;CHEMBL1201023;CHEBI:60902;C07935;C07935;D02599;D02599
165;patent blue v;77073, 77074, 9916325, 91873712;;CHEBI:59601;;;D11704;D11704
166;4-pentylphenol;26975;CHEMBL153388;CHEBI:34441;;;;
167;phenacetin;4754;CHEMBL16073;CHEBI:8050;C07591;C07591;D00569;D00569
168;dexpanthenol, panthenol;131204;CHEMBL1200979;CHEBI:27373;C05944;C05944;D00193;D00193
169;2-phenyl-1,3-indandione, phenindione;4760;CHEMBL711;CHEBI:8066;C07584;C07584;D08354;D08354
170;piperazine;4837;CHEMBL1412;CHEBI:28568;C07973;C07973;D00807;D00807
171;pyrethrum, Pyrethrin;71310221;CHEMBL563221;CHEBI:39098;C14941;C14941;D05659;D05659
172;salicylamide;5147;CHEMBL27577;CHEBI:32114;;;D01811;D01811
173;menthyl salicylate;6970;CHEMBL1905909;;;;;
174;glucuronolactone;92283, 219402, 129627904;CHEMBL1701761;CHEBI:18268;C02670;C02670;;
175;d-leucine;439524;CHEMBL1232258;CHEBI:28225;C01570;C01570;;
176;d-tyrosine;71098;CHEMBL1076637;CHEBI:28479;C06420;C06420;;
177;l-α-methyl-dopa, methyldopa;38853;CHEMBL459;CHEBI:61058;C07194;C07194;D08205;D08205
178;tranexamic acid;5526;CHEMBL877, CHEMBL292500;CHEBI:48669, CHEBI:94518;C12535;C12535;D01136;D01136
179;tetraethylthiuram disulfide, disulfiram;3117;CHEMBL964;CHEBI:4659;C01692;C01692;D00131;D00131
180;phenothiazine;7108;CHEMBL828;CHEBI:37931;;;D02601;D02601
181;triethylmethylammonium bromide;3083778;;;;;;
182;(+)-n,n-diethylnorephedrine, (+)-n,n-diethylnorephedrine hydrochloride, (+)-n,n-diethylnorephedrine;16218765;;;;;;
183;stannous fluoride;24550;;CHEBI:135933;;;;
184;atropine;174174;CHEMBL254656, CHEMBL475124, CHEMBL517712;CHEBI:16684, CHEBI:78734;C01479;C01479;D00113;D00113
185;p-aminobenzoic acid potassium, potassium p-aminobenzoate;23663628;CHEMBL1564391;;;;;
186;acetarsone, acetarsol;1985;CHEMBL1330792;CHEBI:135135;;;D07110;D07110
187;alverine citrate;21718;CHEMBL1408594;CHEBI:53785;;;D02877;D02877
188;aloin;12305761, 9866696, 14989, 313325, 12305763, 24212135, 124427842, 129628814;CHEMBL2103763, CHEMBL497001, CHEMBL3617994, CHEMBL123026;CHEBI:2991, CHEBI:73222, CHEBI:74131;C10305;C10305, C17778;;
189;8-anilino-1-naphthalenesulfonic acid;1369;CHEMBL285527;CHEBI:39708;;;;
190;amantadine, amantadine hcl, amantadine;64150;CHEMBL1569;CHEBI:2619;C06818;C06818, C07939;D00777;D00777
191;amoxapine;2170;CHEMBL1113;CHEBI:2675;;;D00228;D00228
192;aminobenztropine;2143;CHEMBL330957;CHEBI:125384;;;;
193;acemetacin;1981;CHEMBL189171;CHEBI:31162;;;D01582;D01582
194;aminophylline;9433;CHEMBL1370561;CHEBI:2659;;;D00227;D00227
195;amikacin sulfate, amikacin sulfate 1:2, amikacin sulfate;38351, 37768, 5458175, 86619108;CHEMBL4208954, CHEMBL177, CHEMBL1164318;CHEBI:2638, CHEBI:2637;;;D00865;D00865
196;acetohexamide;1989;CHEMBL1589;CHEBI:28052;C06806;C06806;D00219;D00219
197;ascorbic acid 6-palmitate;54680660;CHEMBL220190;CHEBI:140768;;;;
198;apramycin sulfate;3081544;;;;;;
199;mafenide;3998;CHEMBL419;CHEBI:6633;C07106;C07106;D02351;D02351
200;warfarin;54678486;CHEMBL1464, CHEMBL7252;CHEBI:87732;C01541;C01541;D08682;D08682
201;methacholine chloride;6114;CHEMBL1200764;CHEBI:50142;;;D04970;D04970
202;adenosine 5'-monophosphate, amp;6083;CHEMBL752;CHEBI:16027;C00020;C00020;;
203;5-azacytidine;9444;CHEMBL1489;CHEBI:2038;C11262;C11262;;
204;amcinonide;443958;CHEMBL1200732;CHEBI:31199;;;D01387;D01387
205;d-arginine;71070;CHEMBL212301;CHEBI:15816;C00792;C00792;;
206;amodiaquine, amodiaquine dihydrochloride dihydrate, amodiaquine;64646;CHEMBL1357648;CHEBI:50652;C07626;C07626;D02466;D02466
207;astemizole;2247;CHEMBL296419;CHEBI:2896;C06832;C06832;D00234;D00234
208;aminopterin;169371;CHEMBL376180;CHEBI:22526;;;;
209;5-aminosalicylic acid, mesalazine;4075;CHEMBL704;CHEBI:6775;;;D00377;D00377
210;acebutolol, acebutolol hydrochloride, acebutolol;441307;CHEMBL1200813;CHEBI:2380;C07677;C07677, C06803;D00597;D00597
211;artesunate;6917864, 65664, 5464098, 156252, 105031, 16394563, 53486426, 9821433, 126963478, 129317578, 146160078, 49769200, 60196289, 91746179, 129009911;CHEMBL361497, CHEMBL353548, CHEMBL3039774, CHEMBL1967249;CHEBI:63918, CHEBI:94751;;;D02482;D02482
212;p-aminohippuric acid sodium;23663628;CHEMBL1564391;;;;;
213;antazoline phosphate;158798;CHEMBL1200550;;;;D02950;D02950
214;tacrine, tacrine hydrochloride, tacrine;2723754;CHEMBL1677;;C01453;C01453;D02068;D02068
215;delta-aminolevulinic acid, delta-aminolevulinic acid hydrochloride, delta-aminolevulinic acid;123608;CHEMBL1200582;CHEBI:132969;;;;
216;amrinone;3698;CHEMBL12856;CHEBI:2686;;;D00231;D00231
217;17a-acetoxyprogesterone, medroxyprogesterone acetate;6279;CHEMBL717;CHEBI:6716;C08150;C08150;D00951;D00951
218;arbutin;440936;CHEMBL232202;CHEBI:18305;C06186;C06186;;
219;r(-)-apomorphine, r(-)-apomorphine hydrochloride hemihydrate, r(-)-apomorphine;107882;CHEMBL3187985;CHEBI:31228;;;;
220;2-amino-5-chlorobenzoxazole, zoxazolamine;6103;CHEMBL472566;CHEBI:35053;C13841;C13841;;
221;azathioprine;2265;CHEMBL1542;CHEBI:2948;C06837;C06837;D00238;D00238
222;6-thioguanine;2723601;CHEMBL727;CHEBI:9555;;;;
223;alendronate sodium, alendronate sodium trihydrate, alendronate sodium, alendronic acid;23681107;CHEMBL2367465;CHEBI:2566;C07752;C07752;D00939;D00939
224;l-arginine;6322;CHEMBL1485;CHEBI:16467;C00062;C00062;D02982;D02982
225;anisotropine methylbromide;657201;CHEMBL1578;;C06830;C06830;D00232;D00232
226;acetylsalicylic acid, aspirin;2244;CHEMBL25;CHEBI:15365;C01405;C01405;D00109;D00109
227;amlodipine besylate;60496;CHEMBL1200402, CHEMBL3193637, CHEMBL3207778;CHEBI:2669;;;D00615;D00615
228;gamma-amino-n-butyric acid, gaba;119;CHEMBL96;CHEBI:16865;C00334;C00334;;
229;adrenochrome semicarbazone, carbazochrome;2557;CHEMBL2051960;CHEBI:31349;;;D01864;D01864
230;antipyrine;2206;CHEMBL277474;CHEBI:31225;C13244;C13244;D01776;D01776
231;amifostine;2141;CHEMBL1006;CHEBI:2636;C06819;C06819;;
232;acetazolamide;1986;CHEMBL20;CHEBI:27690;C06805;C06805;D00218;D00218
233;auranofin;24199313, 70788951, 16667669, 6918453, 6333901, 57417071, 124081048, 138402869;CHEMBL1366;CHEBI:2922;C06836;C06836;D00237;D00237
234;acetylcholine iodide;75271;CHEMBL60457;;;;;
235;4-acetamidophenol, paracetamol;1983;CHEMBL112;CHEBI:46195;C06804;C06804;D00217;D00217
236;3-acetamidophenol;12124;CHEMBL9419;CHEBI:76987;;;;
237;n-acetyl-l-cysteine, acetylcysteine;12035;CHEMBL600;CHEBI:28939;C06809;C06809;D00221;D00221
238;(-)-norepinephrine;439260;CHEMBL1437;CHEBI:18357;;;;
239;amiloride, amiloride hydrochloride hydrate, amiloride;16230, 16231, 23581809;CHEMBL540851, CHEMBL945, CHEMBL1201085;CHEBI:84743, CHEBI:2639;C06821;C06821;D07447;D07447
240;4-aminophenyl sulfone, dapsone;2955;CHEMBL1043;CHEBI:4325;C07666;C07666;D00592;D00592
241;l-ascorbic acid sodium;23667548;CHEMBL591665;CHEBI:113451;;;;
242;atenolol, (+/-)atenolol, atenolol;2249;CHEMBL24;CHEBI:2904;;;D00235;D00235
243;adenosine 5'-triphosphate, adenosine 5'-triphosphate disodium, adenosine 5'-triphosphate, atp;5282498;;;C00002;C00002;D02300;D02300, D08646
244;6-aminocaproic acid;564;CHEMBL1046;CHEBI:16586, CHEBI:79212;C02378;C02378;;
245;4-aminopyridine;1727;CHEMBL284348;CHEBI:34385;C13728;C13728;D04127;D04127
246;allantoin;204;CHEMBL593429;CHEBI:15676;C01551;C01551;D00121;D00121
247;4-aminosalicylic acid;4649;CHEMBL1169;CHEBI:27565;C02518;C02518;;
248;_tacrine, tacrine hydrochloride, tacrine;2723754;CHEMBL1677;;C01453;C01453;D02068;D02068
249;allopurinol;135401907;CHEMBL1467;CHEBI:40279;;;D00224;D00224
250;acriflavine;443101;CHEMBL2360628;;C11273;C11273;;
251;_n-acetyl-l-cysteine, acetylcysteine;12035;CHEMBL600;CHEBI:28939;C06809;C06809;D00221;D00221
252;amitriptyline, amitriptyline hydrochloride, amitriptyline;11065;CHEMBL1200964;CHEBI:2667;C06824;C06824;D00809;D00809
253;amiodarone, amiodarone hydrochloride, amiodarone;441325;CHEMBL1083993;CHEBI:2664;C06823;C06823;D00636;D00636
254;amoxicillin;33613;CHEMBL1082;CHEBI:2676, CHEBI:53712;C06827;C06827;D07452;D07452
255;ancitabine, ancitabine hcl, ancitabine;25050;CHEMBL1255937;CHEBI:74843;;;D01651;D01651
256;n-acetyl-d-glucosamine, n-acetylglucosamine;439174;CHEMBL240524;CHEBI:506227;C00140;C00140;;
257;adenine;190;CHEMBL226345;CHEBI:16708;C00147;C00147;D00034;D00034
258;alprenolol, alprenolol hydrochloride, alprenolol;66368;CHEMBL1256179;CHEBI:31191;;;D01182;D01182
259;altretamine;2123;CHEMBL1455;CHEBI:24564;;;D02841;D02841
260;acarbose;41774, 444254, 4432690, 441184, 18397995, 122172882, 129010024, 134694648;CHEMBL404271, CHEMBL3734896, CHEMBL1566, CHEMBL181568;CHEBI:2376, CHEBI:94035;C06802;C06802;D00216;D00216
261;adenosine;60961;CHEMBL477;CHEBI:16335;C00212;C00212;D00045;D00045
262;l-aspartic acid;5960;CHEMBL274323;CHEBI:17053;C00049;C00049;D00013;D00013
263;ampicillin;6249;CHEMBL174;CHEBI:28971, CHEBI:53713;C06574;C06574;D00204;D00204
264;l-norepinephrine (+) bitartrate, l-norepinephrine (+) bitartrate salt, l-norepinephrine (+) bitartrate;11957447;CHEMBL1356607;;;;;
265;aminoglutethimide, dl-aminoglutethimide, aminoglutethimide;2145;CHEMBL488;CHEBI:2654;C07617;C07617;D00574;D00574
266;adefovir dipivoxil;60871;CHEMBL922;CHEBI:31175;;;D01655;D01655
267;ambroxol, ambroxol hydrochloride, ambroxol;108013;CHEMBL1514634;CHEBI:31198;;;D01479;D01479
268;p-aminobenzoic acid;978;CHEMBL542;CHEBI:30753;;;D02456;D02456
269;antazoline, antazoline hydrochloride, antazoline;17275;CHEMBL1256819;;;;D07459;D07459
270;phenoxybenzamine, phenoxybenzamine hcl, phenoxybenzamine;5284441;CHEMBL1200787;CHEBI:8078;C07435;C07435, C07436;D00507;D00507
271;bufexamac;2466;CHEMBL94394;CHEBI:31317;;;D01271;D01271
272;basic fuchsin, pararosaniline hydrochloride;11292;CHEMBL1609459;CHEBI:82303, CHEBI:87663;;;;
273;benazepril, benazepril hydrochloride, benazepril;5362123;CHEMBL1694;CHEBI:3012;C07701;C07701, C06843;D00620;D00620
274;bupropion, bupropion hcl, bupropion;62884;CHEMBL1698;CHEBI:3220;C06860;C06860;D00817;D00817
275;bisacodyl;2391;CHEMBL942;CHEBI:3125;;;D00245;D00245
276;2-bromo-a-ergocryptine methanesulfonate, bromocriptine;31101;CHEMBL493;CHEBI:3181;C06856;C06856;D03165;D03165
277;bisoprolol hemifumarate;5281064, 6917733, 2405, 62955, 53394791;CHEMBL1472989, CHEMBL1200708, CHEMBL645;CHEBI:3128, CHEBI:3127;;;;
278;l-buthionine-(s,r)-sulfoximine;119565, 21157;CHEMBL261642, CHEMBL1256575, CHEMBL1627290;CHEBI:94288, CHEBI:28714;;;;
279;betaine;247;CHEMBL1182;CHEBI:17750;C00719;C00719;D07523;D07523
280;busulfan;2478;CHEMBL820;CHEBI:28901;C06862;C06862;D00248;D00248
281;beclomethasone dipropionate;21700;CHEMBL1200500;CHEBI:3002;C07813;C07813;D00689;D00689
282;bumetanide;2471;CHEMBL1072;CHEBI:3213;;;D00247;D00247
283;berberine chloride;12456;CHEMBL12089;CHEBI:31271, CHEBI: 16118;C12679;C12679;;
284;benzyldimethylhexadecylammonium chloride;31202;CHEMBL1644450;;;;;
285;halothane;3562;CHEMBL931;CHEBI:5615;C07515;C07515;D00542;D00542
286;biotin;171548;CHEMBL857;CHEBI:15956;C00120;C00120;D00029;D00029
287;betahistine, betahistine dihydrochloride, betahistine;68643;CHEMBL1446813;;;;D03102;D03102
288;bepridil, bepridil hydrochloride, bepridil;50088;CHEMBL1257078;CHEBI:52712;C06847;C06847;;
289;bekanamycin sulfate;636396;CHEMBL1237048;CHEBI:31255;;;D01868;D01868
290;bupivacaine, bupivacaine hydrochloride, bupivacaine;64737;CHEMBL1200396;CHEBI:31322, CHEBI:77441;C07529;C07529;;
291;biperiden, biperiden hydrochloride, biperiden;92151;CHEMBL1201035;CHEBI:59171;C07941;C07941;D02246;D02246
292;baclofen;2284;CHEMBL701;CHEBI:2972;;;D00241;D00241
293;benzydamine, benzydamine hydrochloride, benzydamine;65464;CHEMBL1528134;CHEBI:31266;;;D01410;D01410
294;bephenium hydroxynaphthoate;54678490;CHEMBL1673148;;;;;
295;betaxolol, betaxolol hydrochloride, betaxolol;107952;CHEMBL1691;CHEBI:643228;C06849;C06849;D00598;D00598
296;bendroflumethiazide;2315;CHEMBL1684;CHEBI:3013;C07758;C07758;D00650;D00650
297;buflomedil, buflomedil hydrochloride, buflomedil;6420013;CHEMBL1715107;;;;D07548;D07548
298;benzyl benzoate;2345;CHEMBL1239;CHEBI:41237;C12537;C12537;D01138;D01138
299;boric acid;7628;CHEMBL42403;CHEBI:33118;C12486;C12486;D01089;D01089
300;benactyzine, benactyzine hydrochloride, benactyzine;66448;CHEMBL1584883;;;;;
301;buspirone, buspirone hydrochloride, buspirone;36431;CHEMBL1200399;CHEBI:3224;C06861;C06861;D00702;D00702
302;benzthiazide;2343;CHEMBL1201039;CHEBI:3047;C07759;C07759;D00651;D00651
303;benserazide, benserazide hydrochloride, benserazide;26964;CHEMBL1255778;CHEBI:31262;;;D01653;D01653
304;betamethasone 21-phosphate, betamethasone 21-phosphate disodium, betamethasone 21-phosphate;65478;CHEMBL1200762;CHEBI:3078;;;;
305;n-butyl-p-aminobenzoate, butamben;2482;CHEMBL127516;CHEBI:3231;C07875;C07875;D00730;D00730
306;budesonide;5281004;CHEMBL1370;CHEBI:3207;;;D00246;D00246
307;benzoin;8400;CHEMBL190677;CHEBI:17682;C01408;C01408;;
308;benzethonium chloride;8478;CHEMBL221753;CHEBI:31264;C12539;C12539;D01140;D01140
309;benoxinate, benoxinate hydrochloride, benoxinate, oxybuprocaine;6420040;CHEMBL1200654;CHEBI:31260;;;D01768;D01768
310;l-carnitine, l-carnitine inner salt, l-carnitine;10917;CHEMBL1149;CHEBI:16347;C00318;C00318;D02176;D02176
311;chlorambucil;2708;CHEMBL515;CHEBI:28830;C06900;C06900;D00266;D00266
312;chloramphenicol;5959;CHEMBL130;CHEBI:17698;C00918;C00918;D00104;D00104
313;cromolyn sodium;27503;CHEMBL74;CHEBI:128458;;;D00526;D00526
314;clidinium bromide;19004;CHEMBL1200950;CHEBI:3744;;;D00716;D00716
315;ciclopirox olamine;38911;CHEMBL242580;;;;D01364;D01364
316;caffeine;2519;CHEMBL113;CHEBI:27732;C07481;C07481;D00528;D00528
317;cyclophosphamide, cyclophosphamide monohydrate, cyclophosphamide;22420;CHEMBL1200796;CHEBI:4026;C06933;C06933, C07888;D00287;D00287
318;calcium chloride;24844;;;;;;
319;carmine;14950, 10255083, 25113282, 14749;CHEMBL263094, CHEMBL1366408;CHEBI:78310, CHEBI:78310;C11254;C11254;;
320;cyclopentanecarboxylic acid;18840;CHEMBL1902018;;;;;
321;chlorpropamide;2727;CHEMBL498;CHEBI:3650;;;D00271;D00271
322;s-(-)-carbidopa;34359, 38101;CHEMBL1201236, CHEMBL1200748;CHEBI:39585, CHEBI:3395;;;;
323;curcumin;969516;CHEMBL140;CHEBI:3962;C10443;C10443;;
324;choline bitartrate;10198924, 6900;CHEMBL2105935;;;;;
325;chlorprothixene, chlorprothixene hydrochloride, chlorprothixene;5282478, 5702223, 102265, 71314839;CHEMBL1256658, CHEMBL1406274;;C07953;C07953;D02162;D02162
326;cytosine b-d-arabinofuranoside, cytarabine;114682, 24729357;;;C02961;C02961;;
327;citric acid;311;CHEMBL1261;CHEBI:30769;C00158;C00158;D00037;D00037
328;carboplatin;426756;CHEMBL1351;CHEBI:31355;;;D01363;D01363
329;chlorpheniramine maleate, (+-)-chlorpheniramine maleate, chlorpheniramine maleate;5281068;CHEMBL1659;CHEBI:3645;C07780;C07780;D00665;D00665
330;cortisone acetate;5745;CHEMBL1650;CHEBI:3897;C08173;C08173;D00973;D00973
331;cephalosporin c zinc;11957494;CHEMBL1326149;;;;;
332;cyproterone acetate;9880;CHEMBL139835;CHEBI:50743;;;D01368;D01368
333;cyanocobalamin;5311498, 46853873, 70678590, 11970261, 24892734, 25102581, 54605677, 129627537, 139030973, 5460135, 6474318, 25195380, 44176380, 91898871, 118701720, 129627679, 137332389, 152743321;;CHEBI:17439, CHEBI:15982;C02823;C02823;D00166;D00166
334;cetirizine, cetirizine dihydrochloride, cetirizine;55182;CHEMBL1607273;CHEBI:3562;C07778;C07778;D00664;D00664
335;chloroxylenol;2723;CHEMBL398440;CHEBI:34393;C14715;C14715;D03473;D03473
336;colchicine;6167;CHEMBL107;CHEBI:27882;C07592;C07592;D00570;D00570
337;carvedilol;2585;CHEMBL723;CHEBI:3441;C06875;C06875;D00255;D00255
338;carbamazepine;2554;CHEMBL108;CHEBI:3387;C06868;C06868;D00252;D00252
339;captopril;44093;CHEMBL1560;CHEBI:3380;C06867;C06867;D00251;D00251
340;capreomycin sulfate;16219119;;;;;;
341;creatinine;588;CHEMBL65567;CHEBI:16737;C00791;C00791;D03600;D03600
342;coumarin;323;CHEMBL6466;CHEBI:28794;C05851;C05851;D07751;D07751
343;n-carbamyl-l-glutamic acid, carglumic acid;121396;CHEMBL1201780;CHEBI:71028;C05829;C05829;D07130;D07130
344;carbamylcholine chloride, carbachol;5831;CHEMBL14;CHEBI:3385;;;D00524;D00524
345;chlorzoxazone;2733;CHEMBL1371;CHEBI:3655;C07931;C07931;D00771;D00771
346;2-chloro-2'-deoxyadenosine;20279;CHEMBL1619;CHEBI:567361;;;;
347;cimetidine;2756;CHEMBL30;CHEBI:3699;C06952;C06952;D00295;D00295
348;cyclobenzaprine, cyclobenzaprine hydrochloride, cyclobenzaprine;22576;CHEMBL1200636;CHEBI:3997;C06931;C06931;D00772;D00772
349;cholestyramine resin;137699107;;;;;;
350;carbetapentane citrate;90010;CHEMBL1256696;CHEBI:31352;;;D01260;D01260
351;carbenoxolone, carbenoxolone disodium, carbenoxolone;636402;CHEMBL1697717;CHEBI:31351;;;D01899;D01899
352;chlortetracycline, chlortetracycline hydrochloride, chlortetracycline;54682468, 54684459, 54729846, 54686893;CHEMBL2146063, CHEMBL1537344;;C06571;C06571;D02255;D02255
353;cephalexin, cephalexin hydrate, cephalexin;62921, 154701779, 16219130, 23623925;CHEMBL1200544;CHEBI:3535;C08099;C08099, C06895;D00906;D00906, D00263
354;chlorothiazide;2720;CHEMBL842, CHEMBL3392493;CHEBI:3640;C07461;C07461;D00519;D00519
355;(+)-chlorpheniramine maleate;5281070;CHEMBL1200927;CHEBI:4465;;;;
356;caprylic acid sodium, sodium caprylate;23664772;CHEMBL557076;CHEBI:132100;;;D08999;D08999
357;clemizole, clemizole hydrochloride, clemizole;5309446;CHEMBL1256817;CHEBI:31409;;;D01705;D01705
358;chlormadinone acetate;9324;CHEMBL110691;CHEBI:31394;C12729;C12729;D01299;D01299
359;carbamyl-b-methylcholine chloride, bethanechol;129674337;;;C06850;C06850;;
360;cinnarizine;1547484;CHEMBL43064;CHEBI:31403, CHEBI:131176;;;D01295;D01295
361;clenbuterol, clenbuterol hydrochloride, clenbuterol;5702273;CHEMBL1330729;CHEBI:31410;;;D01360;D01360
362;chlorophyllin sodium-copper commercial g;71306894;;;;;;
363;clotrimazole;2812;CHEMBL104;CHEBI:3764;C06922;C06922;D00282;D00282
364;cyproheptadine sesquihydrate, cyproheptadine hydrochloride sesquihydrate, cyproheptadine sesquihydrate;11954233, 45157477, 13770;CHEMBL1716;CHEBI:650917, CHEBI:59695;;;D02234;D02234
365;clomiphene citrate;3033832, 60974, 6420009;CHEMBL1213137, CHEMBL3185958, CHEMBL1200667;;C08161;C08161;D00962;D00962, D10876
366;sodium cholate, sodium cholate hydrate, sodium cholate;23679061, 23668194;CHEMBL1334097, CHEMBL1421383;CHEBI:26711;;;;
367;chloroquine diphosphate;64927;CHEMBL58510;;;;;
368;clofibrate;2796;CHEMBL565;CHEBI:3750;C06916;C06916;D00279;D00279
369;cefadroxil;47965;CHEMBL1644;CHEBI:3479;C06878;C06878;D00257;D00257
370;canrenoic acid potassium;23671691;CHEMBL1371200;;;;;
371;clomipramine, clomipramine hydrochloride, clomipramine;68539;CHEMBL1200710;CHEBI:3755;C06918;C06918;D00811;D00811
372;clofarabine;119182;CHEMBL1750;CHEBI:681569;;;D03546;D03546
373;cholesterol;5997;CHEMBL112570;CHEBI:16113, CHEBI:140435;C00187;C00187;D00040;D00040
374;d-cycloserine;6234;CHEMBL771;CHEBI:40009;C08057;C08057;;
375;s-carboxymethyl-l-cysteine, carbocisteine;193653;CHEMBL396416;CHEBI:16163;C03727;C03727;D00175;D00175
376;citalopram, citalopram hydrobromide, citalopram;77995;CHEMBL1200781;;C07572;C07572;D00822;D00822
377;clonidine, clonidine hydrochloride, clonidine;20179;CHEMBL1705;CHEBI:3758;;;D00604;D00604
378;(-)-cinchonidine;101744;CHEMBL533841;CHEBI:3703;;;;
379;cineole;2758;CHEMBL485259, CHEMBL1231862, CHEMBL1397305;CHEBI:27961;C09844;C09844;D04115;D04115
380;chlorpromazine, chlorpromazine hydrochloride, chlorpromazine;6240;CHEMBL1713;CHEBI:3649;C07952;C07952, C06906;D00789;D00789
381;calcium gluconate;9290;CHEMBL2106119;CHEBI:3309;C08133;C08133;D00935;D00935
382;carbinoxamine maleate;5282409;CHEMBL1200974;CHEBI:31353;;;D01336;D01336
383;cinoxacin;2762;CHEMBL1208;CHEBI:3716;C08052;C08052;D00872;D00872
384;cystamine, cystamine dihydrochloride, cystamine;5941;CHEMBL1594935;;;;;
385;l-cystine;67678, 6992103;CHEMBL590540;CHEBI:16283, CHEBI:35491;C00491;C00491;D03636;D03636
386;carisoprodol;2576;CHEMBL1233;CHEBI:3419;C07927;C07927;D00768;D00768
387;clofazimine;2794;CHEMBL1083384, CHEMBL1292, CHEMBL1369407;CHEBI:3749;C06915;C06915;D00278;D00278
388;cloxacillin sodium, cloxacillin sodium monohydrate, cloxacillin sodium;23675743;CHEMBL1200388;CHEBI:34978;C14010;C14010;D02231;D02231
389;(1r)-(-)-10-camphorsulfonic acid;131278, 5771688, 218580;;CHEBI:55401;;;;
390;clarithromycin;84029;CHEMBL1741;CHEBI:3732;C06912;C06912;D00276;D00276
391;trans-b-carotene;5280489;CHEMBL1293;CHEBI:17579;;;;
392;cholecalciferol;5280795;CHEMBL1042;CHEBI:28940;C05443;C05443;D00188;D00188
393;cyclothiazide;2910;CHEMBL61593;CHEBI:31448;C12685;C12685;D01256;D01256
394;dibucaine;3025;CHEMBL1086;CHEBI:247956;C07879;C07879;D00733;D00733
395;7-(2,3 dihydroxypropyl)theophylline, dyphylline;3182;CHEMBL1752;CHEBI:4728;C07819;C07819;D00691;D00691
396;dobutamine, dobutamine hydrochloride, dobutamine;65324;CHEMBL1200418;CHEBI:4671;C06967;C06967;D00632;D00632
397;n,n-diethyl-m-toluamide;4284;CHEMBL1453317;CHEBI:7071;C10935;C10935;;
398;desloratadine;124087;CHEMBL1172;CHEBI:291342;;;D03693;D03693
399;1,8-dihydroxyanthraquinone, dantron;2950;CHEMBL53418;CHEBI:3682;C10312;C10312;D07107;D07107
400;iodoquinol;3728;CHEMBL86754;CHEBI:5950;C07636;C07636;D00581;D00581
401;decamethonium bromide;10921;CHEMBL1134;;;;;
402;2,6-diisopropylphenol, propofol;4943;CHEMBL526;CHEBI:44915;C07523;C07523;D00549;D00549
403;dextrorphan tartrate;5484438;CHEMBL1256681;;;;;
404;debrisoquine sulfate;11391;CHEMBL1593558;CHEBI:50973;;;;
405;droperidol;3168;CHEMBL1108;CHEBI:4717;;;D00308;D00308
406;melevodopa, melevodopa hydrochloride, melevodopa;10131132;CHEMBL1255756;;;;;
407;1,1-dimethylbiguanide, 1,1-dimethylbiguanide hydrochloride, 1,1-dimethylbiguanide, metformin;14219;CHEMBL1703;CHEBI:6802;C07151;C07151;D00944;D00944
408;1,5-dimethylhexylamine, octodrine;10982;CHEMBL2105833;CHEBI:134758;;;D05228;D05228
409;5,5-dimethylhydantoin;6491;CHEMBL3181806;;;;;
410;docusate sodium, docusate sodium salt, docusate sodium;23673837;CHEMBL1905872;CHEBI:4674;;;D00305;D00305
411;dimenhydrinate, combination of diphenhydramine and 8-chlorotheophylline;10660;CHEMBL1200406;CHEBI:94848;;;D00520;D00520
412;deoxycholic acid;222528;CHEMBL406393;CHEBI:28834;C04483;C04483;;
413;diltiazem, diltiazem hydrochloride, diltiazem;62920;CHEMBL1697;CHEBI:645509;C06958;C06958;D00616;D00616
414;dextromethorphan, dextromethorphan hydrobromide, dextromethorphan;5464025;CHEMBL1201004;;C06947;C06947;;
415;dimethyl sulfoxide;679;CHEMBL504;CHEBI:28262;C11143;C11143;D01043;D01043
416;dihydroergotamine methanesulfonate;71171;CHEMBL1200517;CHEBI:59756;;;;
417;dithranol;2202;CHEMBL46469;CHEBI:37510;C06831;C06831;D00233;D00233
418;diflunisal;3059;CHEMBL898;CHEBI:39669;C01691;C01691;D00130;D00130
419;diphenylpyraline, diphenylpyraline hydrochloride, diphenylpyraline;66063;CHEMBL1564;CHEBI:31508;;;D01172;D01172
420;diphenhydramine, diphenhydramine hydrochloride, diphenhydramine;8980;CHEMBL1620;CHEBI:4637;C07784;C07784, C06960;D00669;D00669
421;dehydrocholic acid;6674;CHEMBL514446;CHEBI:31459;C13154;C13154;D01693;D01693
422;dequalinium chloride, dequalinium chloride hydrate, dequalinium chloride;10649, 6420004;CHEMBL121663;CHEBI:31466;;;D01575;D01575
423;doxylamine succinate;11224;CHEMBL1200392;CHEBI:82461;C19414;C19414;D02327;D02327
424;diethylstilbestrol dipropionate;657220;CHEMBL1525298;;;;;
425;2'-deoxycytidine;13711;CHEMBL66115;CHEBI:15698;C00881;C00881;;
426;desipramine, desipramine hydrochloride, desipramine;65327;CHEMBL1696;CHEBI:4449;C06943;C06943;D00812;D00812
427;5,5-diphenylhydantoin, phenytoin;1775;CHEMBL16;CHEBI:8107;C07443;C07443;D00512;D00512
428;dirithromycin;6473883, 6917067, 5464388, 4580358, 46705321, 78358338, 46783780, 70789200, 60148420, 71306790, 71729967, 126968498, 146159353, 45105094, 129009964, 129629095, 132274080, 132274085, 134693953, 138107815;CHEMBL1237072, CHEMBL3039471, CHEMBL3187373;CHEBI:474014, CHEBI:95220;;;D03865;D03865
429;dropropizine, (+-)-dropropizine, dropropizine;3169;CHEMBL151445;CHEBI:93837;;;D07393;D07393
430;1-6-dibromo-1-6-dideoxy-d-mannitol, mitobronitol;656655;CHEMBL447629;CHEBI:34853;C13522;C13522;D02020;D02020
431;dichloromethylenediphosphonic acid sodium, clodronate disodium;31195, 23724874, 73554303, 25419, 92043568, 9838967, 9863899;CHEMBL1520188, CHEMBL12318;CHEBI:59586, CHEBI:59587, CHEBI:110423;;;D07720;D07720
432;5,5-diphenylhydantoin sodium, phenytoin;657302, 9795547, 23679632;CHEMBL1611;;C07443;C07443;;
433;doxepin, doxepin hydrochloride, doxepin;6419921;CHEMBL1200462;CHEBI:4711;C06971;C06971;D00814;D00814
434;diethylstilbestrol;448537;CHEMBL411;CHEBI:41922, CHEBI:92795;C07620;C07620;D00577;D00577
435;chlorquinaldol;6301;CHEMBL224325;CHEBI:74500;;;D07208;D07208
436;levonordefrin;164739;CHEMBL677;CHEBI:10304, CHEBI:141146;C11768;C11768;D02388;D02388
437;dehydroisoandrosterone 3-sulfate sodium;23668320;CHEMBL1573900;CHEBI:91028;;;;
438;dichloroacetic acid;6597;CHEMBL13960;CHEBI:36386;;;;
439;digoxin;2724385;CHEMBL1751;CHEBI:4551;C06956;C06956;D00298;D00298
440;disopyramide phosphate;30928;CHEMBL1201020;CHEBI:4658;C07740;C07740;D00637;D00637
441;chloroxine;2722;CHEMBL1200596;CHEBI:59477;;;D03472;D03472
442;diethylenetriaminepentaacetic acid;3053;CHEMBL780;CHEBI:35739;;;;
443;diclofenac sodium;5018304;CHEMBL1034;CHEBI:4509;;;D00904;D00904
444;halazone;3552;CHEMBL1368146;;;;D02446;D02446
445;3,4-diaminopyridine;5918;CHEMBL354077;CHEBI:135948;;;;
446;dihydrostreptomycin sesquisulfate;21653, 6419912;CHEMBL3188576, CHEMBL4303534;;;;;
447;demecolcine;220401;CHEMBL312862;CHEBI:4393;C11250;C11250;;
448;disopyramide;3114;CHEMBL517;CHEBI:4657;C06965;C06965;D00303;D00303
449;meso-2,3-dimercaptosuccinic acid, dimercaptosuccinic acid;2724354;CHEMBL1201073;CHEBI:63623;C07598;C07598;D00572;D00572
450;dicyclomine, dicyclomine hydrochloride, dicyclomine;441344;CHEMBL1200479;CHEBI:4515;C06951;C06951;D00717;D00717, D07820
451;4-dimethylaminoantipyrine, aminopyrine;6009;CHEMBL288470;CHEBI:160246;C07539;C07539;D00556;D00556
452;danazol;28417;CHEMBL1479;CHEBI:4315;C06938;C06938;D00289;D00289
453;diperodon, diperodon hydrochloride, diperodon;10830;CHEMBL1456312;;;;;
454;diethylcarbamazine citrate;15432;CHEMBL937;CHEBI:4528;;;D00803;D00803
455;dipyrone;522325;CHEMBL487894;CHEBI:59033;C13229;C13229;D08190;D08190
456;diazoxide;3019;CHEMBL181, CHEMBL1518123;CHEBI:4495;C06949;C06949;D00294;D00294
457;dantrolene sodium;6604100, 5702224, 13271066, 32731, 9568637, 16219293, 23707296, 6604728, 5353563, 71563341, 131954767, 136675526;CHEMBL928, CHEMBL1375090, CHEMBL1725283;CHEBI:4318, CHEBI:4318, CHEBI:184644;C07933;C07933;D02274;D02274
458;dexamethasone;5743;CHEMBL384467;CHEBI:41879;C15643;C15643;D00292;D00292
459;deferoxamine mesylate;62881;CHEMBL1234;CHEBI:31460;;;D01186;D01186
460;l-3,4-dihydroxyphenylalanine, levodopa;6047;CHEMBL1009;CHEBI:15765;C00355;C00355;D00059;D00059
461;_dextromethorphan, dextromethorphan hydrobromide, dextromethorphan;5464025;CHEMBL1201004;;C06947;C06947;;
462;dipyridamole;3108;CHEMBL932;CHEBI:4653;;;D00302;D00302
463;doxazosin mesylate;62978;CHEMBL1200561;CHEBI:4709;;;D00608;D00608
464;n,n-diethylnicotinamide, nikethamide;5497;CHEMBL2104607;CHEBI:134814;;;D07408;D07408
465;doxycycline hyclate;54686183, 54671203, 54705095, 54686898, 54685920, 57514051, 54729367, 57515985;CHEMBL3989740, CHEMBL1433, CHEMBL436921, CHEMBL1200567, CHEMBL1256723;CHEBI:50845, CHEBI:652992, CHEBI:34730;;;D02129;D02129
466;ethamivan;9363;CHEMBL1229908;CHEBI:92675;;;D04080;D04080
467;ethisterone;5284557;CHEMBL241694;CHEBI:34749;C14487;C14487;;
468;ergocornine;73453;CHEMBL1385840;CHEBI:4820;C09162;C09162;;
469;etoposide;36462;CHEMBL44657;CHEBI:4911;C01576;C01576;D00125;D00125
470;ethyl p-aminobenzoate, benzocaine;2337;CHEMBL278172;CHEBI:116735;C07527;C07527;D00552;D00552
471;b-estradiol 17-valerate;13791;CHEMBL1511;CHEBI:31561;;;;
472;evans blue;9409, 517296, 3315, 4282864, 101102794, 135436520;CHEMBL1200712, CHEMBL1015, CHEMBL1607905;CHEBI:82467, CHEBI:87634, CHEBI:87636;C19422;C19422;;
473;emetine, emetine dihydrochloride hydrate, emetine;201899, 3068143, 10219, 21127119;CHEMBL493439, CHEMBL50588, CHEMBL1255782;CHEBI:146000, CHEBI:149551, CHEBI:4781;C09421;C09421;D03985;D03985
474;2-ethyl-1,3-hexanediol;7211;CHEMBL1451179;CHEBI:34273;C14271;C14271;;
475;edrophonium chloride;8307;CHEMBL1128;CHEBI:4759;;;D00994;D00994
476;enoxacin;3229;CHEMBL826;CHEBI:157175;C06979;C06979;D00310;D00310
477;(-)-epinephrine (+)bitartrate;5815;CHEMBL1200818;;;;;
478;2-ethoxybenzamide, ethenzamide;3282;CHEMBL1483877;CHEBI:31564;;;D01466;D01466
479;ethambutol, ethambutol dihydrochloride, ethambutol;14051, 16051971, 46878363, 46911976;CHEMBL3140361, CHEMBL1628240;CHEBI:4878, CHEBI:4878;C06984;C06984;D00878;D00878
480;econazole nitrate;68589;CHEMBL1201049;;C08069;C08069;D00881;D00881
481;epinephrine, (+-)-epinephrine hydrochloride, epinephrine;5924;CHEMBL1255663;;;;D05689;D05689
482;ethacrynic acid;3278;CHEMBL456;CHEBI:4876;;;D00313;D00313
483;17a-ethynylestradiol;5991;CHEMBL691;CHEBI:4903;;;;
484;eugenol;3314;CHEMBL42710;CHEBI:4917;C10453;C10453;D04117;D04117
485;ergocalciferol;5280793;CHEMBL1536;CHEBI:28934;C05441;C05441;D00187;D00187
486;ethionamide;2761171;CHEMBL1441;CHEBI:4885;C07665;C07665;D00591;D00591
487;erythromycin;12560;CHEMBL532;CHEBI:42355;C01912;C01912;D00140;D00140
488;ergonovine maleate;6437065;CHEMBL1213135;CHEBI:31554;;;D01163;D01163
489;ethylenediaminetetraacetic acid tetrasodium, ethylenediaminetetraacetic acid tetrasodium salt dihydrate, ethylenediaminetetraacetic acid tetrasodium, edta;21917311;;;C00284;C00284;D00052;D00052
490;enalapril maleate;5388961;CHEMBL1200659;CHEBI:4785;;;D00621;D00621
491;ethosuximide;3291;CHEMBL696;CHEBI:4887;C07505;C07505;D00539;D00539
492;ethynodiol diacetate;9270;CHEMBL1200624;CHEBI:31580;C12724;C12724;D01294;D01294
493;esomeprazole magnesium, esomeprazole magnesium dihydrate, esomeprazole magnesium;17747012, 53486367, 86278387, 21087493;;;;;D11114;D11114
494;esmolol, esmolol hydrochloride, esmolol;104769;CHEMBL1201115;CHEBI:4857;C06980;C06980;D00644;D00644
495;esculin, esculin hydrate, esculin;16211025, 5281417;CHEMBL1718108, CHEMBL482581;CHEBI:73111, CHEBI:4853;C09264;C09264;D04697;D04697
496;eserine, physostigmine;5983;CHEMBL94, CHEMBL537674;CHEBI:27953;C06535;C06535;D00196;D00196
497;b-estradiol 3-benzoate;222757;CHEMBL282575;CHEBI:77006;;;;
498;b-estradiol;5757;CHEMBL135;CHEBI:16469;;;;
499;estrone;5870;CHEMBL1405;CHEBI:17263;C00468;C00468;D00067;D00067
500;fusidic acid sodium;23672955, 23695850, 44134727, 137703526;CHEMBL1256987;;;;;
501;fenoterol, fenoterol hydrobromide, fenoterol;5702161;CHEMBL537445;CHEBI:31601;;;D01428;D01428
502;finasteride;57363;CHEMBL710;CHEBI:5062;;;D00321;D00321
503;fenoprofen calcium, fenoprofen calcium hydrate, fenoprofen calcium;64747;CHEMBL2103736;CHEBI:5005;C02539;C02539;D00968;D00968
504;furosemide;3440;CHEMBL35;CHEBI:47426;C07017;C07017;D00331;D00331
505;fluphenazine, fluphenazine dihydrochloride, fluphenazine;67356;CHEMBL1448187;CHEBI:5126;C07010;C07010;D00791;D00791
506;flunisolide;82153;CHEMBL1512;CHEBI:5106;C07005;C07005;;
507;ferrous fumarate;6433164, 5478817, 45052495, 66524104;;CHEBI:31607;;;D01194;D01194
508;fenofibrate;3339;CHEMBL672;CHEBI:5001;C07586;C07586;D00565;D00565
509;fludrocortisone acetate;225609;CHEMBL1201010;CHEBI:5102;C08186;C08186;D00986;D00986
510;fenspiride, fenspiride hydrochloride, fenspiride;68626;CHEMBL1256849;;;;D04163;D04163
511;fluorescein sodium;10608;CHEMBL1628233;;;;D02024;D02024
512;fusaric acid;3442;CHEMBL24510;CHEBI:5199;C10146;C10146;;
513;5-fluorouracil;3385;CHEMBL185;CHEBI:46345;C07649;C07649;;
514;famotidine;5702160, 3325, 5353622;CHEMBL902, CHEMBL902;CHEBI:4975;;;D00318;D00318
515;folic acid;135398658;CHEMBL1622;CHEBI:27470;C00504;C00504;D00070;D00070
516;flunarizine, flunarizine dihydrochloride, flunarizine;5282407;CHEMBL552659;CHEBI:31621;;;D01303;D01303
517;flurbiprofen;3394;CHEMBL563;CHEBI:5130;C07013;C07013;D00330;D00330
518;fenbufen;3335;CHEMBL277522;CHEBI:31599;;;D01344;D01344
519;fluocinolone acetonide;6215;CHEMBL989;CHEBI:31623;;;D01825;D01825
520;fluconazole;3365;CHEMBL106;CHEBI:46081;C07002;C07002;D00322;D00322
521;flufenamic acid;3371;CHEMBL23588;CHEBI:42638;C13038;C13038;D01581;D01581
522;furaltadone, furaltadone hydrochloride, furaltadone;9576185, 92968, 6436924;CHEMBL538843, CHEMBL1488871;;;;;
523;fluorometholone;9878;CHEMBL1200600;CHEBI:31625;;;D01367;D01367
524;flutamide;3397;CHEMBL806;CHEBI:5132;C07653;C07653;D00586;D00586
525;furazolidone;5323714, 3435, 5353636;CHEMBL1103, CHEMBL1374738, CHEMBL1572167;CHEBI:5195, CHEBI:5195, CHEBI:5195;C07999;C07999;D00830;D00830
526;glybenclamide;3488;CHEMBL472;CHEBI:5441;;;;
527;d-glutamic acid;23327;CHEMBL76232;CHEBI:15966, CHEBI:53375;C00217;C00217;;
528;guanfacine;3519;CHEMBL862;CHEBI:5558;C07037;C07037;D08031;D08031
529;guanabenz acetate;5702062, 5702063;CHEMBL1200560, CHEMBL420;CHEBI:5554, CHEBI:5553, CHEBI:92998;;;D00605;D00605
530;guanidineacetic acid, glycocyamine;763;CHEMBL281593;CHEBI:16344;C00581;C00581;;
531;glipizide;3478;CHEMBL1073;CHEBI:5384;;;D00335;D00335
532;3-glycidoxypropyltrimethoxysilane;17317;CHEMBL2140162;;;;;
533;galanthamine, galanthamine hydrobromide, galanthamine;121587;CHEMBL1555;;C08526;C08526;;
534;beta-glutamic acid;73064;;CHEBI:28791;;;;
535;l-glutamic acid, l-glutamic acid hydrochloride, l-glutamic acid;2723891;CHEMBL1255943;;C00025;C00025;;
536;gluconolactone;7027;CHEMBL1200829;CHEBI:16217;C00198;C00198;D04332;D04332
537;gliclazide;3475;CHEMBL427216;CHEBI:31654;;;D01599;D01599
538;glimepiride;3476;CHEMBL1481, CHEMBL149223;CHEBI:5383, CHEBI:92609;C07669;C07669;D00593;D00593
539;granisetron, granisetron hydrochloride, granisetron;6918003, 65264;CHEMBL1900758, CHEMBL1237080;CHEBI:5538;C07023;C07023;D00677;D00677
540;l-glutathione;124886;CHEMBL1543;CHEBI:16856, CHEBI:60836;;;;
541;griseofulvin;441140;CHEMBL562;CHEBI:27779;C06686;C06686;D00209;D00209
542;guaiacol;460;CHEMBL13766;CHEBI:28591;C01502;C01502, C15572;D00117;D00117
543;guaiacol glyceryl ether, guaifenesin;3516;CHEMBL980;CHEBI:5551;;;D00337;D00337
544;_l-glutathione;124886;CHEMBL1543;CHEBI:16856, CHEBI:60836;;;;
545;glycerophosphate calcium;16219432;;;;;;
546;guaiacol glyceryl ether carbamate, methocarbamol;4107;CHEMBL1201117;CHEBI:77498;;;D00402;D00402
547;sodium glycocholate, sodium glycocholate hydrate, sodium glycocholate;23702132, 23704497, 23687715;CHEMBL1514342;;;;;
548;gallic acid;370;CHEMBL288114;CHEBI:30778;C01424;C01424;;
549;gallamine triethiodide;6172;CHEMBL1200993;;;;D02292;D02292
550;d-glutamine;145815;CHEMBL1232207;CHEBI:17061;C00819;C00819;;
551;d-gluconic acid hemimagnesium, magnesium gluconate;11418570, 71307072, 71587201;CHEMBL2107145, CHEMBL3989640;;;;;
552;gemfibrozil;3463;CHEMBL457;CHEBI:5296;C07020;C07020;D00334;D00334
553;hexetidine;3607;CHEMBL144673;CHEBI:94339;;;D07068;D07068
554;haloperidol;3559;CHEMBL54;CHEBI:5613;C01814;C01814;D00136;D00136
555;hydralazine, hydralazine hydrochloride, hydralazine;9351;CHEMBL542541;CHEBI:31672;C07040;C07040;D01302;D01302
556;hexamethonium chloride;93550;CHEMBL105608;;;;;
557;4-hydroxydiphenylmethane, 4-benzylphenol;7563;CHEMBL611613;;;;;
558;2-hydroxy-4-methoxybenzophenone, oxybenzone;4632;CHEMBL1625;CHEBI:34283;C14285;C14285;D05309;D05309
559;d-histidine;71083;CHEMBL104875;CHEBI:27947;C06419;C06419;;
560;hesperetin;72281;CHEMBL399121;CHEBI:28230;C01709;C01709;;
561;hydrocortisone 21-acetate;5744;CHEMBL1091;CHEBI:17609;C02821;C02821;;
562;hydrochlorothiazide;3639;CHEMBL435;CHEBI:5778;C07041;C07041;D00340;D00340
563;hesperidin methyl chalcone;6436550;;;;;;
564;hesperidin;10621, 3594, 5701999, 6419939, 16394497, 45358131, 53477767, 44143719, 45933922, 86579284, 91927750, 129010007;CHEMBL449317, CHEMBL1535112, CHEMBL1574000, CHEMBL2140112, CHEMBL4483798;CHEBI:28775, CHEBI:95114;C09755;C09755;D01038;D01038
565;hematoporphyrin;11103;CHEMBL317840, CHEMBL403729;CHEBI:36162;;;;
566;4'-hydroxypropiophenone;6271;CHEMBL312311;CHEBI:32352;;;;
567;1-hydroxypyridine-2-thione zinc, zinc pyrithione;56836326, 26041;;;C13427;C13427;;
568;hexamethylenetetramine;4101;CHEMBL1201270;CHEBI:6824;;;;
569;etidronic acid;3305;CHEMBL871;CHEBI:4907;C07736;C07736;D02373;D02373
570;histamine, histamine dihydrochloride, histamine;5818;CHEMBL1533310;;C00388;C00388;D04444;D04444
571;hexestrol;3606, 192197, 234907, 6432746;CHEMBL6615, CHEMBL9225, CHEMBL1795406;CHEBI:31669;C13101;C13101;D01641;D01641
572;hydroxocobalamin acetate;71308682, 45357615, 60196309, 70689311, 91663261, 91972123, 76172939, 126456285;;;;;;
573;l-histidine, l-histidine monohydrochloride, l-histidine;517335, 14259267;;;C00135;C00135;D02072;D02072
574;3-hydroxytyramine, 3-hydroxytyramine hcl, 3-hydroxytyramine, dopamine;65340;CHEMBL1557;CHEBI:4698;C03758;C03758;D00633;D00633
575;hydroxyurea;3657;CHEMBL467;CHEBI:44423;C07044;C07044;D00341;D00341
576;hydroxyzine, hydroxyzine dihydrochloride, hydroxyzine;91513;CHEMBL3186993;CHEBI:5819;C07045;C07045;D00672;D00672
577;hydroquinone;785;CHEMBL537;CHEBI:17594;C00530;C00530, C15603;D00073;D00073
578;b-hydroxyethyltheophylline, etofylline;1892;CHEMBL699;CHEBI:94764;;;D07933;D07933
579;hydroxyzine pamoate;25096;CHEMBL1200467;;;;D01096;D01096
580;hemin, hemin, bovine, hemin, chlorohemin;455658;;;C06767;C06767;;
581;hexadecyltrimethylammonium bromide, cetrimonium bromide;5974;CHEMBL307346;CHEBI:3567;C11275;C11275;D03454;D03454
582;iodipamide;3739;CHEMBL1165268;CHEBI:31176;;;D01774;D01774
583;isoxsuprine, isoxsuprine hydrochloride, isoxsuprine;11368;CHEMBL559180;CHEBI:31735;;;D01748;D01748
584;imipramine, imipramine hydrochloride, imipramine;8228;CHEMBL1692;CHEBI:5882;C07982;C07982, C07049;D00815;D00815
585;imexon;68791;CHEMBL146428;;;;D08932;D08932
586;ipratropium bromide;657308, 31098, 5702073, 11553369, 124080907;CHEMBL1464005, CHEMBL1237108, CHEMBL1201053;CHEBI:46659;;;;
587;indapamide;3702;CHEMBL406;CHEBI:5893;;;D00345;D00345
588;inulin, inulin from chicory root, inulin;24763;CHEMBL1201646;CHEBI:15443;C03323;C03323;D00171;D00171
589;isoniazid;3767;CHEMBL64;CHEBI:6030;C07054;C07054;D00346;D00346
590;isoetharine mesylate;23702;CHEMBL1201153;;;;D04626;D04626
591;ibuprofen, (+/-)ibuprofen, ibuprofen;3672;CHEMBL521;CHEBI:5855;C01588;C01588;D00126;D00126
592;myo-inositol;892;CHEMBL278373, CHEMBL468154, CHEMBL1222251, CHEMBL1231671, CHEMBL1950780, CHEMBL3976780;CHEBI:17268, CHEBI:10642, CHEBI:23927, CHEBI:27372, CHEBI:27987, CHEBI:22357, CHEBI:23311, CHEBI:24848, CHEBI:25492, CHEBI:27374;C00137;C00137;;
593;imidazole;795;CHEMBL540;CHEBI:16069;C01589;C01589;;
594;isoproterenol, (plus-minus)-isoproterenol hydrochloride, isoproterenol, isoprenaline;3779;CHEMBL434;CHEBI:64317;C07056;C07056;D08090;D08090
595;(-)-isoproterenol, (-)-isoproterenol hydrochloride, (-)-isoproterenol, isoprenaline, isoproterenol;656783, 443372;CHEMBL1256360, CHEMBL1160723;CHEBI:6257;C07056;C07056, C11703;D02150;D02150
596;itraconazole;55283, 3793, 6917738, 14179013, 45039617, 14179008;CHEMBL22587, CHEMBL64391, CHEMBL1835950, CHEMBL1835951;CHEBI:6076, CHEBI:94366;;;D00350;D00350
597;indomethacin;3715;CHEMBL6;CHEBI:49662;C01926;C01926;D00141;D00141
598;_imipramine, imipramine hydrochloride, imipramine;8228;CHEMBL1692;CHEBI:5882;C07982;C07982, C07049;D00815;D00815
599;2-iodobenzoic acid;6941;CHEMBL112424;CHEBI:287979;;;;
600;isopropamide iodide;6284;CHEMBL1200347;CHEBI:6044;;;D01005;D01005
601;ivermectin;6321424, 11957587, 6419971, 71308642, 71749648, 45114068, 6427057, 146159550, 3085416, 57182275, 122172888, 124870718, 124870720, 134687046, 135391144;CHEMBL263291, CHEMBL1876587, CHEMBL1699565;CHEBI:63941, CHEBI:94551, CHEBI:91732;;;;
602;ketorolac tromethamine;84003;CHEMBL1201124;CHEBI:6130;;;D00813;D00813
603;ketoprofen;3825;CHEMBL571;CHEBI:6128;C01716;C01716;D00132;D00132
604;ketotifen fumarate;5282408;CHEMBL1633;;;;D01332;D01332
605;labetalol, labetalol hydrochloride, labetalol;71412;CHEMBL1200323;CHEBI:6344;C07063;C07063;D00600;D00600
606;loxapine succinate;71399;CHEMBL1201155;CHEBI:6549;;;D00794;D00794
607;levallorphan tartrate;5464111, 11957609, 16051988;CHEMBL1598018, CHEMBL2062276;;;;;
608;lanatoside c;656630;CHEMBL506569;;C13470;C13470;;
609;lomefloxacin, lomefloxacin hydrochloride, lomefloxacin;68624;CHEMBL1728;CHEBI:6518;C08053;C08053, C07078;D00873;D00873
610;calcium lactobionate;11170166, 16211544, 11954336, 71311567;CHEMBL2106121;;;;;
611;lithium chloride;433294;CHEMBL69710;CHEBI:48607;;;;
612;loperamide, loperamide hydrochloride, loperamide;71420;CHEMBL1707;CHEBI:6533;C07080;C07080;D00729;D00729
613;leflunomide;3899;CHEMBL960;CHEBI:6402;C07905;C07905;D00749;D00749
614;lidocaine, lidocaine hydrochloride, lidocaine;6314;CHEMBL541521;CHEBI:50512;C07073;C07073;D02086;D02086
615;lomustine;3950;CHEMBL514;CHEBI:6520;C07079;C07079;D00363;D00363
616;lactulose;11333, 3872, 11024312, 16217605, 16760534, 131839611;CHEMBL296306, CHEMBL58143, CHEMBL1515464;CHEBI:6359;C07064;C07064;D00352;D00352
617;d-lysine;57449;CHEMBL319497;CHEBI:16855;C00739;C00739;;
618;lansoprazole;3883;CHEMBL480;CHEBI:6375;;;D00355;D00355
619;(-)-tetramisole, (-)-tetramisole hydrochloride, (-)-tetramisole, levamisole;27944, 26879;CHEMBL1770, CHEMBL1454;CHEBI:6433, CHEBI:6432;C07070;C07070, C07906;D00750;D00750, D08114
620;r(-)-deprenyl, r(-)-deprenyl hcl, r(-)-deprenyl, selegiline;45357581;;;C07245;C07245;;
621;proglumide sodium, proglumide sodium salt, proglumide sodium;23677833;CHEMBL1345380;;;;;
622;mirtazapine;4205;CHEMBL654;CHEBI:6950;C07570;C07570;D00563;D00563
623;megestrol acetate;11683;CHEMBL1201139;CHEBI:6723;C08151;C08151;D00952;D00952
624;metoclopramide, metoclopramide monohydrochloride, metoclopramide;23659;CHEMBL1256771;;C07868;C07868;;
625;moexipril, moexipril hydrochloride, moexipril;54889;CHEMBL1200534;CHEBI:6961;C07704;C07704;D00623;D00623
626;naproxen sodium;23681059;CHEMBL1200806;CHEBI:7477;;;D00970;D00970
627;meclocycline sulfosalicylate;54676538;CHEMBL261772;;;;;
628;dicumarol;54676038;CHEMBL1466, CHEMBL43154;CHEBI:4513;C00796;C00796;D03798;D03798
629;methoxyphenamine, methoxyphenamine hydrochloride, methoxyphenamine;9859211;CHEMBL1985928;CHEBI:31830;;;D01635;D01635
630;capsaicin;1548943;CHEMBL294199;CHEBI:3374, CHEBI:94524;C06866;C06866;D00250;D00250
631;mevinolin, lovastatin;53232;CHEMBL503;CHEBI:40303;C07074;C07074;D00359;D00359
632;mefloquine, mefloquine hydrochloride, mefloquine;65329, 18660697, 441362;CHEMBL1606, CHEMBL535650;CHEBI:6719;C07633;C07633;D00831;D00831
633;metaproterenol hemisulfate, orciprenaline;441333;CHEMBL1568057;;C07144;C07144;D00685;D00685
634;mebendazole;4030;CHEMBL685;CHEBI:6704;;;D00368;D00368
635;mianserin, mianserin hydrochloride, mianserin;68551;CHEMBL544428;CHEBI:31843;;;D01358;D01358
636;magnesium acetate;8896;CHEMBL1200691;CHEBI:62964;;;;
637;mexiletine, mexiletine hydrochloride, mexiletine;21467;CHEMBL1200606;CHEBI:6917;C07220;C07220;D00639;D00639
638;menthol;1254;CHEMBL256087;CHEBI:25187;;;D04849;D04849, D04918
639;methylergonovine maleate;5281072;CHEMBL1200843;CHEBI:6874;;;D00680;D00680
640;minaprine, minaprine dihydrochloride, minaprine;33254;CHEMBL1364551;CHEBI:51040;;;D05040;D05040
641;mepivacaine, mepivacaine hydrochloride, mepivacaine;66070;CHEMBL1200440;CHEBI:6760;C07528;C07528;D00738;D00738
642;mebeverine, mebeverine hydrochloride, mebeverine;17683;CHEMBL1446650;;;;D04868;D04868
643;8-methoxypsoralen, methoxsalen;4114;CHEMBL416;CHEBI:18358;C01864;C01864;D00139;D00139
644;miconazole nitrate, (+/-)-miconazole nitrate, miconazole nitrate;68553;CHEMBL1559;;C08070;C08070;D00882;D00882
645;metronidazole;4173;CHEMBL137;CHEBI:6909;C07203;C07203;D00409;D00409
646;meloxicam sodium, meloxicam sodium salt, meloxicam sodium;4051;CHEMBL1256873;;;;;
647;methazolamide;4100;CHEMBL288100, CHEMBL19, CHEMBL1335656;CHEBI:6822, CHEBI:94513;C07764;C07764;D00655;D00655
648;mefenamic acid;4044;CHEMBL686;CHEBI:6717;C02168;C02168;D00151;D00151
649;meclofenamic acid sodium;4038;CHEMBL876;CHEBI:6711;C02996;C02996;;
650;milrinone;4197;CHEMBL189;CHEBI:50693;C07224;C07224;D00417;D00417
651;metaraminol bitartrate;441414, 5702237, 36457, 6419984, 60196269, 134694117;CHEMBL1480611, CHEMBL2062262, CHEMBL3184244;;;;;
652;moxisylyte, moxisylyte hydrochloride, moxisylyte;6420039;CHEMBL1256739;CHEBI:31868;;;D01571;D01571
653;melatonin;896;CHEMBL45;CHEBI:16796;C01598;C01598;D08170;D08170
654;meglumine diatrizoate;8566;CHEMBL1200839;;;;D02015;D02015
655;metoprolol-(+)tartrate, (+-)metoprolol-(+)tartrate, metoprolol-(+)tartrate;441308;CHEMBL3186768;CHEBI:6906;;;;
656;magnesium hydroxide;73981;CHEMBL1200718;CHEBI:6637;C07876;C07876;D00731;D00731
657;menadione;4055;CHEMBL590;CHEBI:28869;C05377;C05377;D02335;D02335
658;mepenzolate bromide;6461;CHEMBL1724;CHEBI:6753;;;D00720;D00720
659;menadione sodium bisulfite;23665888;CHEMBL2358118;CHEBI:63928;C18378;C18378;D08177;D08177
660;methyl nicotinate;7151;CHEMBL379845;CHEBI:134761;;;D04991;D04991
661;2-methoxyestradiol;66414;CHEMBL299613;CHEBI:28955;C05302;C05302;;
662;methoxamine, methoxamine hydrochloride, methoxamine;6081;CHEMBL1201103;CHEBI:6840;C07513;C07513;D01020;D01020
663;n-2-mercaptopropionyl-glycine, tiopronin;5483;CHEMBL1314;CHEBI:32229;C12876;C12876;D01430;D01430
664;methyl salicylate, wintergreen oil;4133;CHEMBL108545;CHEBI:31832;C12305;C12305;D01087;D01087
665;misoprostol methyl ester;4133;CHEMBL108545;CHEBI:31832;;;;
666;2-mercaptopurine;3015569;;;;;;
667;mifepristone;55245;CHEMBL438575, CHEMBL1276308;CHEBI:50692;C07652;C07652;D00585;D00585
668;manganese sulfate, manganese sulfate monohydrate, manganese sulfate;177577;;CHEBI:86364;;;D04854;D04854
669;magnesium chloride;5360315;CHEMBL2219642;CHEBI:6636;C07755;C07755;;
670;midodrine, midodrine hydrochloride, midodrine;18340;CHEMBL1200461;CHEBI:31847;C07890;C07890;D01307;D01307
671;methimazole;1349907;CHEMBL1515;CHEBI:50673;C07190;C07190;D00401;D00401
672;mecamylamine, mecamylamine hcl, mecamylamine;25162921, 13221, 12358973;CHEMBL1237082;CHEBI:6707;C07511;C07511;D00611;D00611
673;methapyrilene, methapyrilene hydrochloride, methapyrilene;8667;CHEMBL1255739;CHEBI:38213;C11114;C11114;;
674;methylene blue;6099;CHEMBL405110;CHEBI:6872;C00220;C00220;;
675;meglumine;8567;CHEMBL1200570;CHEBI:59732;;;D01796;D01796
676;memantine, memantine hydrochloride, memantine;181458;CHEMBL1699;CHEBI:64323;C13736;C13736;D04905;D04905
677;d-methionine;84815;CHEMBL1234268;CHEBI:16867;C00855;C00855;;
678;d-mannitol;6251;CHEMBL689;CHEBI:16899;C00392;C00392;D00062;D00062
679;maprotiline, maprotiline hydrochloride, maprotiline;71478;CHEMBL1200427, CHEMBL1237135;CHEBI:6691;C07107;C07107;D00818;D00818
680;cysteamine;6058;CHEMBL602;CHEBI:17141;C01678;C01678;D03634;D03634
681;mersalyl acid;443130;;CHEBI:6771;C11336;C11336;;
682;methotrexate;126941;CHEMBL34259;CHEBI:44185;C01937;C01937;D00142;D00142
683;niflumic acid;4488;CHEMBL63323;CHEBI:34888;C13698;C13698;D08275;D08275
684;naringin, naringin from citrus fruit, naringin;442428, 4441, 25075, 5284651, 5351463, 6710627, 45358136, 3000627, 74787988, 12313135, 45933923, 91740219, 129010093;CHEMBL451532, CHEMBL1970019;CHEBI:28819, CHEBI:107637;C09789;C09789;;
685;nafronyl oxalate, naftidrofuryl;312915;CHEMBL1439099;;;;D05107;D05107
686;nitrendipine;4507;CHEMBL3195219;CHEBI:7582;C07713;C07713;D00629;D00629
687;nimodipine;4497;CHEMBL3197349;CHEBI:7575;C07267;C07267;D00438;D00438
688;nomifensine maleate;5358907;CHEMBL1256842;;;;D05200;D05200
689;neomycin sulfate;197162, 24978553, 8378, 62403, 71463900, 5702091, 45356929, 71299257, 118855445, 5702092, 6419968, 45073487, 123134032, 124080932, 134692135, 146675205;CHEMBL1275977, CHEMBL3188205, CHEMBL184618;CHEBI:53636, CHEBI:7508;;;D07994;D07994
690;nadolol;39147;CHEMBL649;;;;;
691;neostigmine bromide;8246;CHEMBL54126;CHEBI:179557;C08197;C08197;D00995;D00995
692;naltrexone, naltrexone hydrochloride, naltrexone;5485201;CHEMBL1201149;CHEBI:134687;C07253;C07253;D02095;D02095
693;nafcillin sodium;23667630, 23704143;CHEMBL1200344, CHEMBL1568276;CHEBI:7448, CHEBI:51919;C08124;C08124;D00928;D00928
694;niclosamide;4477;CHEMBL1448;CHEBI:7553;;;D00436;D00436
695;nicotinic acid;938;CHEMBL573;CHEBI:15940;C00253;C00253;D00049;D00049
696;19-norethindrone;6230;CHEMBL1162;CHEBI:7627;;;;
697;nalbuphine, nalbuphine hydrochloride hydrate, nalbuphine;16219750, 5360733;CHEMBL1396398, CHEMBL1201132;CHEBI:7455;C07251;C07251;D00843;D00843
698;nordihydroguaiaretic acid;4534;CHEMBL52;CHEBI:7625;C10719;C10719;;
699;(-)-nicotine hydrogen tartrate;498080;;;;;;
700;nonanoic acid;8158;CHEMBL108436;CHEBI:29019;C01601;C01601;;
701;naphazoline, naphazoline hydrochloride, naphazoline;11079;CHEMBL1706;CHEBI:7470;C07898;C07898;D00743;D00743
702;niacinamide, nicotinamide;936;CHEMBL1140;CHEBI:17154;C00153;C00153;D00036;D00036
703;nabumetone;4409;CHEMBL1070;CHEBI:7443;;;D00425;D00425
704;novobiocin sodium, novobiocin sodium salt, novobiocin sodium;54730021, 54733712, 54723343, 54727938;CHEMBL2079809, CHEMBL1328824;;C12609;C12609;;
705;β-nicotinamide adenine dinucleotide, β-nicotinamide adenine dinucleotide hydrate, β-nicotinamide adenine dinucleotide, β-nad, nadide;5892;CHEMBL1234613;CHEBI:44215;C00003;C00003;;
706;nizatidine;3033637;CHEMBL653;CHEBI:7601;C07270;C07270;D00440;D00440
707;nortriptyline, nortriptyline hydrochloride, nortriptyline;441358;CHEMBL1201156;CHEBI:7641;C07274;C07274;D00816;D00816
708;nicardipine, nicardipine hydrochloride, nicardipine;41114;CHEMBL1200326, CHEMBL3199626;CHEBI:7551;C07264;C07264;D00617;D00617
709;nifedipine;4485;CHEMBL193;CHEBI:7565;C07266;C07266;D00437;D00437
710;naloxone, naloxone hydrochloride, naloxone;5464092;CHEMBL1718;CHEBI:31892;C07252;C07252;D01340;D01340
711;nitrofurantoin;6604200;CHEMBL572;CHEBI:71415, CHEBI:95222;C07268;C07268;D00439;D00439
712;nicergoline;34040;CHEMBL1372950;CHEBI:31902;;;D01290;D01290
713;naproxen;156391;CHEMBL154;CHEBI:7476;C01517;C01517;D00118;D00118
714;nilutamide;4493;CHEMBL1274;CHEBI:7573;C08164;C08164;D00965;D00965
715;nalidixic acid;4421;CHEMBL5;CHEBI:100147;C05079;C05079;D00183;D00183
716;noscapine, noscapine hydrochloride, noscapine;9933439, 442329;CHEMBL2106732;;C09592;C09592;;
717;norfloxacin;4539;CHEMBL9;CHEBI:100246;C06687;C06687;D00210;D00210
718;oxalic acid, oxalic acid disodium, oxalic acid;971;CHEMBL146755;CHEBI:16995;C00209;C00209;;
719;oxolinic acid;4628;CHEMBL416755;CHEBI:138856;C11342;C11342;D02301;D02301
720;omeprazole;4594;CHEMBL1503;CHEBI:77260, CHEBI:91766;C07324;C07324;D00455;D00455
721;oxolamine citrate;264891;CHEMBL1448044;;;;D08316;D08316
722;oxymetazoline, oxymetazoline hydrochloride, oxymetazoline;66259;CHEMBL1200791;CHEBI:7863;C07363;C07363;D01022;D01022
723;orotic acid;967;CHEMBL1235017;CHEBI:16742;C00295;C00295;D00055;D00055
724;oxybutynin chloride;91505;CHEMBL1133;CHEBI:7857;;;D00722;D00722
725;ouabain octahydrate;6364534, 439501, 24207714;CHEMBL1889436, CHEMBL222863, CHEMBL1357246;CHEBI:472805;;;D00112;D00112
726;oxytocin;439302;CHEMBL395429;CHEBI:7872;C00746;C00746;D00089;D00089
727;oxethazaine, oxetacaine;4621;CHEMBL127592;CHEBI:31947;C12552;C12552;D01152;D01152
728;oxyphenonium bromide;5748;CHEMBL1200906;;;;D06877;D06877
729;oxytetracycline, oxytetracycline hydrochloride, oxytetracycline;54680782, 54675779, 74764320;CHEMBL1607480, CHEMBL4549546, CHEMBL4591469, CHEMBL1517, CHEMBL461529, CHEMBL1401333, CHEMBL4280957;CHEBI:31953, CHEBI:27701;C13055;C13055, C06624;D01596;D01596
730;pipramol, pipramol dihydrochloride, pipramol, opipramol;9417;CHEMBL370753;CHEBI:94614;;;D08297;D08297
731;procysteine;72390;CHEMBL442218;CHEBI:125673;;;;
732;oxyphencyclimine, oxyphencyclimine hydrochloride, oxyphencyclimine;66061;CHEMBL1200891;CHEBI:7869;C07851;C07851;D01006;D01006
733;ofloxacin;4583;CHEMBL4;CHEBI:7731;C07321;C07321;D00453;D00453
734;perindopril erbumine;441313;CHEMBL1200343;CHEBI:8025;C07707;C07707;D00624;D00624
735;pinacyanol chloride;6364575;CHEMBL1974249;;;;;
736;pentamidine isethionate;8813;CHEMBL361506;CHEBI:7977;;;D00834;D00834
737;pindolol;4828;CHEMBL500;CHEBI:8214;C07445;C07445;D00513;D00513
738;propranolol, dl-propranolol hcl, propranolol;4946;CHEMBL27;CHEBI:8499;C07407;C07407;D08443;D08443
739;phenoxyacetic acid;19188;CHEMBL173521;CHEBI:8075;C02181;C02181;;
740;2-phenoxyethanol;31236;CHEMBL1229846;CHEBI:64275;;;;
741;phthalylsulfacetamide;8574;CHEMBL2106951;CHEBI:135528;;;;
742;pinacidil, pinacidil monohydrate, pinacidil;55329;CHEMBL1200338;CHEBI:34923;C13729;C13729;D05482;D05482
743;picrotoxin;31304, 6473767, 518601, 5311359, 57402144, 131704481, 154731207, 5458938, 13104807, 24802493, 24867522, 124080966;CHEMBL506977, CHEMBL1908342, CHEMBL1993098, CHEMBL2374062;;;;;
744;d-phenylalanine;71567;CHEMBL379630;CHEBI:16998;C02265;C02265;;
745;trans-2-phenylcyclopropylamine hemisulfate, tranylcypromine;19493, 5530, 441233, 26070;CHEMBL1179, CHEMBL313833, CHEMBL3682538, CHEMBL257990;CHEBI:94631, CHEBI:131510, CHEBI:131512, CHEBI:94791, CHEBI:131511;C07155;C07155;;
746;pentoxifylline;4740;CHEMBL628;CHEBI:7986;C07424;C07424;D00501;D00501
747;pimozide;16362;CHEMBL1423;CHEBI:8212;C07566;C07566;D00560;D00560
748;propionic acid sodium;2723816;CHEMBL500826;CHEBI:132106;;;;
749;4-phenylbutyric acid;4775;CHEMBL1469;CHEBI:41500;C21793;C21793;;
750;d-pantothenic acid hemicalcium;443753;CHEMBL1901349;CHEBI:31345;;;;
751;proscillaridin a;5284613, 4951, 222154, 52931497, 73759795, 6713988, 9828429, 124328164;CHEMBL600325, CHEMBL1977418, CHEMBL1551716;CHEBI:32065;;;D01379;D01379
752;pluronic f-127;24751;;CHEBI:32026;;;;
753;potassium tetrathionate;61701;CHEMBL3187989;CHEBI:86466;;;;
754;penicillin-g sodium;23668834;CHEMBL1126;CHEBI:51765;;;;
755;papaverine, papaverine hydrochloride, papaverine;6084;CHEMBL98123;;C06533;C06533;D02218;D02218
756;phenol red;4766;CHEMBL258921;CHEBI:31991;C12600;C12600;D01200;D01200
757;6-n-propyl-2-thiouracil;657298;CHEMBL1518;CHEBI:8502;;;;
758;procyclidine, procyclidine hydrochloride, procyclidine;207841;CHEMBL1761;CHEBI:8449;C07378;C07378;D00782;D00782
759;polygalacturonic acid sodium, pectic acid;445929;;CHEBI:15446, CHEBI:17309, CHEBI:33885;C00470;C00470;;
760;1(2h)-phthalazinone;8394;CHEMBL124706;CHEBI:34023;C14473;C14473;;
761;prednisolone 21-sodium succinate;23680518;CHEMBL1412530;CHEBI:32044;;;;
762;2-propylpentanoic acid sodium, valproic acid;16760703;CHEMBL433;CHEBI:9925;C07185;C07185;;
763;proparacaine, proparacaine hydrochloride, proparacaine;517321;CHEMBL1200464;;C07383;C07383;D02098;D02098, D08448
764;promethazine, promethazine hydrochloride, promethazine;6014;CHEMBL1200750;CHEBI:8462;C07404;C07404;D00480;D00480
765;praziquantel;4891;CHEMBL976;CHEBI:91583;C07367;C07367;D00471;D00471
766;propafenone, propafenone hydrochloride, propafenone;36708;CHEMBL1201063;CHEBI:8466;C07381;C07381;D00640;D00640
767;d-minus-penicillamine, d-penicillamine;5852;CHEMBL1430;CHEBI:7959;;;;
768;pregnenolone acetate;2723722;CHEMBL1892286;CHEBI:34930;C14658;C14658;;
769;piracetam;4843;CHEMBL36715;CHEBI:32010;;;D01914;D01914
770;phosphomycin, phosphomycin disodium, phosphomycin;6093162;CHEMBL1520976;;;;;
771;pyrilamine maleate;5284451;CHEMBL1201006;;;;D05660;D05660
772;prostaglandin e1, alprostadil;5280723;CHEMBL495;CHEBI:15544;C04741;C04741;D00180;D00180
773;prostaglandin e2, dinoprostone;5280360;CHEMBL548;CHEBI:15551;C00584;C00584;D00079;D00079
774;piroxicam;54676228;CHEMBL527, CHEMBL1518938;CHEBI:8249;C01608;C01608;D00127;D00127
775;pyridoxine;1054;CHEMBL1364;CHEBI:16709;C00314;C00314;D08454;D08454
776;propyl paraben;7175;CHEMBL194014;CHEBI:32063;;;D01422;D01422
777;2-pyridinealdoxime methiodide, pralidoxime;135410029;CHEMBL14577;CHEBI:32038;C07400;C07400;D01572;D01572
778;pipenzolate bromide;657306;CHEMBL1401367;;;;D07084;D07084
779;l-phenylephrine, l-phenylephrine hydrochloride, l-phenylephrine;5284443;CHEMBL1200339;CHEBI:8094;;;;
780;prednisone;5865;CHEMBL635;CHEBI:8382;C07370;C07370;;
781;perphenazine;4748;CHEMBL567;CHEBI:8028;C07427;C07427;D00503;D00503
782;pentylenetetrazole;5917;CHEMBL116943;CHEBI:34910;C13692;C13692;;
783;pilocarpine, pilocarpine hcl, pilocarpine;5909;CHEMBL1200330;CHEBI:141029;C07474;C07474;D02200;D02200
784;iron(iii) pyrophosphate, ferric pyrophosphate;24877;;CHEBI:132767;;;;
785;promazine, promazine hydrochloride, promazine;5887;CHEMBL1200469;CHEBI:8460;C07379;C07379;D00797;D00797
786;3-pyridylcarbinol, nicotinyl alcohol;7510;CHEMBL1235535;CHEBI:45213;;;D05158;D05158
787;phenelzine sulfate;61100;CHEMBL1200895;CHEBI:8061;C07431;C07431;D00505;D00505
788;sodium phosphonoformate tribasic, sodium phosphonoformate tribasic hexahydrate, sodium phosphonoformate tribasic, foscarnet;169569;CHEMBL4063154;CHEBI:60269;C06456;C06456;D02267;D02267
789;pheniramine maleate;5282139;CHEMBL1653;CHEBI:31990;C12574;C12574;D01174;D01174
790;phenformin, phenformin hydrochloride, phenformin;13266;CHEMBL1528839;;C07673;C07673;D08352;D08352
791;pyrazinamide;1046;CHEMBL614;CHEBI:45285;C01956;C01956;D00144;D00144
792;primidone;4909;CHEMBL856;CHEBI:8412;C07371;C07371;D00474;D00474
793;pirenzepine, pirenzepine dihydrochloride, pirenzepine;71405;CHEMBL1531864;CHEBI:32014;C07508;C07508;D01297;D01297
794;phentolamine, phentolamine hydrochloride, phentolamine;5702144;CHEMBL1204146;;;;;
795;propionylpromazine, propionylpromazine hydrochloride, propionylpromazine;24351;CHEMBL1256661;;;;;
796;prazosin, prazosin hydrochloride, prazosin;68546;CHEMBL1558;CHEBI:8365;C07368;C07368;D00609;D00609
797;pipemidic acid;4831;CHEMBL30116;CHEBI:75250;;;D08379;D08379
798;pargyline, pargyline hcl, pargyline;9373;CHEMBL1200425;;C07414;C07414;D02564;D02564
799;phenylbutazone;4781;;CHEBI:48574;C07440;C07440;D00510;D00510
800;picrotoxinin;442292, 4816, 1268032, 7098683, 6419901, 6978719, 31306, 73759784, 24041599, 131673970;CHEMBL47244, CHEMBL2135566, CHEMBL1447383;CHEBI:8206;C09529;C09529;;
801;phenyltoloxamine citrate;298107;CHEMBL1586457;;;;D08967;D08967
802;tranylcypromine, tranylcypromine hcl, tranylcypromine;2723716, 11957673;CHEMBL1255743, CHEMBL542118;CHEBI:131514;C07155;C07155;;
803;podophyllin, podophyllin from podophyllum emodii, podophyllin;11979494;;;;;D06484;D06484
804;probenecid;4911;CHEMBL897;CHEBI:8426;C07372;C07372;D00475;D00475
805;protriptyline, protriptyline hydrochloride, protriptyline;6603149;CHEMBL1200332;CHEBI:8598;C07408;C07408;D00484;D00484
806;propantheline bromide;9279;CHEMBL1240;CHEBI:8482;;;D00481;D00481
807;pyridine-2-aldoxime methochloride, pralidoxime;135445761, 135398747, 135705239;;CHEBI:8355, CHEBI:8354;C07400;C07400;D00469;D00469
808;prochlorperazine dimaleate;5281032;CHEMBL1314751;CHEBI:8436;;;;
809;procainamide, procainamide hcl, procainamide;66068;CHEMBL605;CHEBI:8429;C07401;C07401;D00477;D00477
810;pramoxine, pramoxine hydrochloride, pramoxine, pramocaine;73957;CHEMBL1201171;CHEBI:8358;C07892;C07892;D00739;D00739
811;prilocaine, prilocaine hydrochloride, prilocaine;92163;CHEMBL1200586;CHEBI:32053;C07531;C07531;D01243;D01243
812;probucol;4912;CHEMBL608;CHEBI:8427;C07373;C07373;D00476;D00476
813;phenolphthalein;4764;CHEMBL63857;CHEBI:34914;C14286;C14286;D05456;D05456
814;pyridostigmine bromide;7550;CHEMBL812;CHEBI:8666;;;D00487;D00487
815;procaine, procaine hydrochloride, procaine;5795;CHEMBL1200841;CHEBI:8431;C07894;C07894, C07375;D00740;D00740
816;malathion;4004;CHEMBL1200468;CHEBI:6651, CHEBI:141474;C07497;C07497;D00534;D00534
817;quinine sulfate, quinine sulfate salt, quinine sulfate;16051948, 11949689, 3034034, 16211610, 56927704;CHEMBL1201100, CHEMBL170, CHEMBL2359966;CHEBI:15854, CHEBI:52251, CHEBI:52250;;;D02262;D02262
818;quinapril, quinapril hydrochloride, quinapril;54891;CHEMBL1201011;CHEBI:8714;C07340;C07340, C07398;D00459;D00459
819;quinidine sulfate, quinidine sulfate dihydrate, quinidine sulfate;656862;CHEMBL3707183;;;;D02272;D02272
820;quinine hemisulfate;16211610;CHEMBL2359966;CHEBI:52251;;;;
821;quinacrine, quinacrine dihydrochloride, quinacrine, mepacrine;6239;CHEMBL554190;;C07339;C07339;D02548;D02548
822;quinidine;441074, 1065, 5953, 3036746, 6604605, 24096961, 667449, 3032576, 94175, 5484444, 24867865;CHEMBL1294, CHEMBL15088, CHEMBL21578, CHEMBL97, CHEMBL170, CHEMBL512340, CHEMBL2355467, CHEMBL436523, CHEMBL1358565, CHEMBL576997, CHEMBL1878119;CHEBI:28593, CHEBI:94416, CHEBI:95172;C06527;C06527;D08458;D08458
823;quercetin;5280343;CHEMBL50;CHEBI:16243;C00389;C00389;;
824;ramipril;5362129;CHEMBL1168;CHEBI:8774;;;D00421;D00421
825;ritodrine, ritodrine hydrochloride, ritodrine;31728, 3040551, 6603122;CHEMBL1201160, CHEMBL1376064, CHEMBL1367605;CHEBI:32102;C07239;C07239;D01263;D01263
826;reserpine;5770;CHEMBL772;CHEBI:28487;C06539;C06539;D00197;D00197
827;ranitidine, ranitidine hcl, ranitidine;3033332, 3001055, 24883424;CHEMBL1092473, CHEMBL512;CHEBI:8777, CHEBI:8776, CHEBI:92246;;;D00422;D00422, D00673
828;riluzole;5070;CHEMBL744;CHEBI:8863;C07937;C07937;D00775;D00775
829;raloxifene, raloxifene hydrochloride, raloxifene;54900;CHEMBL1116;CHEBI:50740;C07228;C07228;D02217;D02217
830;ru 26752;9886385, 146159707;CHEMBL1358656;;;;;
831;rolitetracycline;54682938;CHEMBL1237046;CHEBI:63334;;;D02282;D02282
832;ropinirole, ropinirole hydrochloride, ropinirole;68727;CHEMBL1200411;CHEBI:8889;C07564;C07564;D00784;D00784
833;retinoic acid;444795;CHEMBL38;CHEBI:15367;C00777;C00777;;
834;rifampicin;135398735, 135550179, 135876149, 135900090, 135925261, 135512673, 135441414, 135449527, 135665293, 135921134, 135925741, 136122621, 136246612, 136601293, 136619758, 136709103, 137286743, 137287990, 153274061, 154825551;CHEMBL374478, CHEMBL1652609, CHEMBL4565586, CHEMBL1332716, CHEMBL3637934, CHEMBL266092, CHEMBL1604283, CHEMBL1523493, CHEMBL1436940;CHEBI:28077;C06688;C06688;D00211;D00211
835;roxithromycin;6915744, 5480431, 9567573, 444037, 5106, 46705420, 5353933, 5362068, 25102720, 45588114, 73759751, 126969152, 122172998, 133611834, 135391136, 137704612, 139592915;CHEMBL1214185, CHEMBL1235718, CHEMBL1476500, CHEMBL1512198;CHEBI:48935, CHEBI:48844, CHEBI:32109, CHEBI:48844;C13173;C13173;D01710;D01710
836;riboflavin;493570;CHEMBL1534;CHEBI:17015;C00255;C00255;D00050;D00050
837;retinol acetate;638034, 10245972, 5057, 71307055;CHEMBL486193, CHEMBL4297637;CHEBI:32095, CHEBI:94695;;;D01621;D01621
838;rutin, rutin hydrate, rutin;45479757;CHEMBL1883743;;C05625;C05625;D08499;D08499
839;resorcinol;5054;CHEMBL24147;CHEBI:27810;C01751;C01751;D00133;D00133
840;repaglinide;65981;CHEMBL1272;CHEBI:8805;C07670;C07670;D00594;D00594
841;ketanserin tartrate;135348, 16219944, 3822, 91885469;CHEMBL1256709, CHEMBL51;CHEBI:6123;;;D08099;D08099
842;sodium metaborate, sodium metaborate tetrahydrate, sodium metaborate;23694267;;;;;;
843;sotalol, (+/-)-sotalol hydrochloride, sotalol;66245;CHEMBL1700;CHEBI:9207;C07309;C07309;D01026;D01026
844;silymarin, silibinin;5213, 31553, 1548994, 6610285, 7073228;CHEMBL1401508, CHEMBL431701, CHEMBL592675;CHEBI:125451, CHEBI:9144;C07610;C07610;D08515;D08515
845;sulfameter, sulfametoxydiazine;5326;CHEMBL1200359;CHEBI:53727;;;D02517;D02517
846;synephrine, (+/-)-synephrine, synephrine;7172;CHEMBL33720;CHEBI:29081;C04548;C04548;D07148;D07148
847;sulfasalazine;5339;CHEMBL421, CHEMBL100848, CHEMBL242373, CHEMBL1206016;CHEBI:9334, CHEBI:94500;C07316;C07316;D00448;D00448
848;(-)scopolamine, (-)scopolamine hydrochloride, (-)scopolamine;20055509;CHEMBL4065982, CHEMBL2251240, CHEMBL4546350;CHEBI:61272;;;;
849;sumatriptan succinate;59772;CHEMBL1201150;CHEBI:64359;;;D00676;D00676
850;santonin;221071;CHEMBL259254;CHEBI:16363;C02206;C02206;D00154;D00154
851;sorbic acid;643460;CHEMBL250212;CHEBI:38358, CHEBI:35962;;;D05892;D05892
852;(-)scopolamine methyl nitrate;11957694;CHEMBL1881504;;;;;
853;k-strophanthin;220861;;;;;;
854;sodium salicylate;16760658;CHEMBL447868;CHEBI:9180;C07587;C07587;D00566;D00566
855;tin(ii) 2-ethylhexanoate;9318, 54605802;;;;;;
856;spironolactone;5833;CHEMBL1393;CHEBI:9241;C07310;C07310;D00443;D00443
857;sorbitan sesquioleate;6433515;;;;;;
858;succinic acid;1110;CHEMBL576;CHEBI:15741;C00042;C00042;;
859;selenomethionine, seleno-dl-methionine, selenomethionine;15103;CHEMBL1474517;CHEBI:27585;;;;
860;d-serine;71077;CHEMBL285123;CHEBI:16523;C00740;C00740;;
861;sodium diatrizoate, sodium diatrizoate dihydrate, sodium diatrizoate;23702148;;;;;;
862;saponin;198016;;;;;;
863;salmeterol xinafoate;56801;CHEMBL1082607;CHEBI:9012;;;D00687;D00687
864;sulfamethizole;5328;CHEMBL1191;CHEBI:9331;C08050;C08050;D00870;D00870
865;sodium bicarbonate;516892;CHEMBL1353;CHEBI:32139;C12603;C12603;D01203;D01203
866;salicylic acid;338;CHEMBL424;CHEBI:16914;C00805;C00805;D00097;D00097
867;sodium potassium tartrate, sodium potassium tartrate tetrahydrate, sodium potassium tartrate;2724148;;;;;;
868;sulfapyridine;5336;CHEMBL700;CHEBI:132842;;;D02434;D02434
869;sulfamethazine, sulfadimidine;5327;CHEMBL446;CHEBI:102265;C19530;C19530;D02436;D02436
870;sulfisoxazole;5344;CHEMBL453;CHEBI:102484;C07318;C07318;D00450;D00450
871;streptomycin sulfate;19648, 6419957, 19649, 44593372, 5702119, 16051958, 44134949, 45073407, 5999, 520882, 18529465, 53384391, 91664033, 5702120, 12359062, 44629934, 49800019, 138403269, 139246583;CHEMBL3184791, CHEMBL3890185, CHEMBL372795, CHEMBL453087, CHEMBL4575480;CHEBI:32158, CHEBI:17076;;;D01350;D01350
872;sulfadimethoxine;5323;CHEMBL62193;CHEBI:32161;;;D01142;D01142
873;sulfamethoxypyridazine;5330;CHEMBL268869;CHEBI:102516;;;D02439;D02439
874;sulfamethoxazole;5329;CHEMBL443;CHEBI:9332;C07315;C07315;D00447;D00447
875;(s)-(-)-sulpiride;688272;CHEMBL267044;CHEBI:64119;;;;
876;sulfadoxine;17134;CHEMBL1539;CHEBI:9329;C07630;C07630;D00580;D00580
877;(-)scopolamine n-butyl bromide;11957696;;;;;;
878;sulindac;1548887;CHEMBL15770;CHEBI:9352, CHEBI:93811;C01531;C01531;D00120;D00120
879;silver nitrate;24470;CHEMBL177367;CHEBI:32130;;;D01730;D01730
880;succinylcholine chloride, succinylcholine chloride dihydrate, succinylcholine chloride, suxamethonium chloride;656867;;CHEBI:61225;;;;
881;salbutamol;2083;CHEMBL714;CHEBI:2549;;;D02147;D02147
882;saffron;6450930;CHEMBL1993367;;;;;
883;(-)scopolamine methyl bromide;16757702;CHEMBL293927;;;;;
884;sarsasapogenin;92095;CHEMBL1171146;CHEBI:15578;C03963;C03963;;
885;sulfadiazine;5215;CHEMBL439;CHEBI:9328;C07658;C07658;D00587;D00587
886;sulfacetamide;5320;CHEMBL455;CHEBI:63845;;;D05947;D05947
887;sulfaguanidine;5324;CHEMBL338802;CHEBI:94621;;;D02437;D02437
888;succinylsulfathiazole;5315;CHEMBL1484857;CHEBI:9309;;;D02447;D02447, D07060
889;sulfamerazine;5325;CHEMBL438;CHEBI:102130;;;D02435;D02435
890;spiramycin;6419898, 6440717, 5289394, 5702243, 5266, 5284619, 5356392, 71729958, 137704528, 5353959, 44629935, 76324338, 129627802, 131674879, 134687906, 134715567, 134717663, 135391165, 153274329;CHEMBL453514, CHEMBL1255799;CHEBI:85260;C01754;C01754;;
891;sulfanilamide;5333;CHEMBL21;CHEBI:45373;C07458;C07458;D08543;D08543
892;(-+)-sulfinpyrazone;5342;;CHEBI:9342;;;;
893;sulconazole nitrate;65495;CHEMBL1200348;CHEBI:9326;;;D00886;D00886
894;sulfabenzamide;5319;CHEMBL1243;CHEBI:94677;;;D05946;D05946
895;sulfathiazole;5340;CHEMBL437;CHEBI:9337;C11169;C11169;D01047;D01047
896;sulfachloropyridazine;6634;CHEMBL1443577;CHEBI:59057;;;;
897;l-tryptophan;6305;CHEMBL54976;CHEBI:16828;C00078;C00078;D00020;D00020
898;tartrazine;164825;;CHEBI:9405;C07574;C07574;;
899;tiapride, tiapride hydrochloride, tiapride;5702214;CHEMBL1256772;CHEBI:32220;;;D01522;D01522
900;thymol;6989;CHEMBL29411;CHEBI:27607;C09908;C09908;D01039;D01039
901;thiaproline;9934;CHEMBL358722;CHEBI:64564;;;;
902;trimethadione;5576;CHEMBL695;CHEBI:9727;;;D00392;D00392
903;tibolone;444008;CHEMBL2103774;CHEBI:32223;;;D01639;D01639
904;tolbutamide;5505;CHEMBL782;CHEBI:27999;C07148;C07148;D00380;D00380
905;tenoxicam;54677971;CHEMBL302795, CHEMBL3188633;CHEBI:32192;;;D01767;D01767
906;trichlormethiazide;5560;CHEMBL1054;CHEBI:9683;C07767;C07767;D00658;D00658
907;trifluperidol, trifluperidol hcl, trifluperidol;11647992;CHEMBL1257039;;;;D08637;D08637
908;tetraethylenepentamine;8197;CHEMBL138297;CHEBI:49798;C14690;C14690;;
909;tamsulosin, tamsulosin hydrochloride, tamsulosin;5362376;CHEMBL1200914;CHEBI:9399;C07124;C07124;D01024;D01024
910;alpha-lipoic acid, (+/-)-alpha-lipoic acid, alpha-lipoic acid;864, 6112;CHEMBL33864, CHEMBL134342;CHEBI:16494, CHEBI:30314;C00725;C00725;;
911;trihexyphenidyl, dl-trihexyphenidyl hydrochloride, trihexyphenidyl;66007;CHEMBL1092;CHEBI:9721;C07171;C07171;D00787;D00787
912;theophylline;2153;CHEMBL190;CHEBI:28177;C07130;C07130;D00371;D00371
913;thymidine;5789;CHEMBL52609;CHEBI:17748;C00214;C00214;;
914;d-tartaric acid;439655;CHEMBL1200861;CHEBI:15672;C02107;C02107;;
915;tetraethylammonium chloride;5946;CHEMBL434435;CHEBI:78161;;;;
916;tolazamide;5503;CHEMBL817;CHEBI:9613;;;D00379;D00379
917;tetramethylthiuram disulfide, thiram;5455;CHEMBL120563;CHEBI:9495;C11160;C11160;D06114;D06114
918;l-thyroxine sodium, l-thyroxine sodium pentahydrate, l-thyroxine sodium, levothyroxine;23665037;;;;;;
919;terbutaline hemisulfate;441334;CHEMBL1315867;CHEBI:9450;;;;
920;temozolomide;5394;CHEMBL810;CHEBI:72564;;;D06067;D06067
921;thymol iodide;11088;CHEMBL1482931;;;;;
922;liothyronine;5920;CHEMBL1544;CHEBI:18258;C02465;C02465;D08128;D08128
923;triflupromazine, triflupromazine hydrochloride, triflupromazine;66069;CHEMBL1201102;CHEBI:9712;;;D00800;D00800
924;trimipramine maleate;5282318;CHEMBL1200948;CHEBI:35030;C14029;C14029;D02408;D02408
925;tetracycline;54675776;CHEMBL1440;CHEBI:27902;C06570;C06570;D00201;D00201
926;toluidine blue o;7083;CHEMBL562639, CHEMBL1790006;CHEBI:87647;;;;
927;a-tocopherol acetate, (+/-)-a-tocopherol acetate, a-tocopherol acetate;2117;CHEMBL247481;;;;;
928;tolperisone, tolperisone hydrochloride, tolperisone;92965;CHEMBL1395150;CHEBI:32244;;;D01507;D01507
929;m-tyrosine, dl-m-tyrosine, m-tyrosine, meta-tyrosine;13052;CHEMBL322125;;;;;
930;tetracaine;5411;CHEMBL698;CHEBI:9468;C07526;C07526;D00551;D00551
931;taurocholic acid sodium, taurocholic acid sodium salt hydrate, taurocholic acid sodium;23687511;CHEMBL1361792;;;;;
932;triamterene;5546;CHEMBL585;CHEBI:9671;;;D00386;D00386
933;tetrahydrozoline, tetrahydrozoline hydrochloride, tetrahydrozoline;10648;CHEMBL1200413;CHEBI:9492;C07912;C07912;D01023;D01023, D08578
934;theobromine;5429;CHEMBL1114;CHEBI:28946;C07480;C07480;;
935;thiamine, thiamine hydrochloride, thiamine;6202;CHEMBL1200941;CHEBI:49105;C00378;C00378;D02094;D02094
936;terazosin, terazosin hydrochloride, terazosin;44383;CHEMBL1256665;;C07127;C07127;D11585;D11585
937;thimerosal, merthiolate;16684434;CHEMBL508338;CHEBI:9546;;;D00864;D00864
938;2,2,2-trichloroethanol;8259;CHEMBL1171;CHEBI:28094;C07490;C07490;;
939;tamoxifen;2733526;CHEMBL83;CHEBI:41774;C07108;C07108;D08559;D08559
940;triethanolamine;7618;CHEMBL446061;CHEBI:28621;C06771;C06771;;
941;tri(ethylene glycol);8172;CHEMBL1235259;CHEBI:44926;;;;
942;trifluoperazine, trifluoperazine hydrochloride, trifluoperazine;66064;CHEMBL1257040;CHEBI:9710;C07168;C07168;D00799;D00799
943;trazodone, trazodone hydrochloride, trazodone;62935;CHEMBL1200798;CHEBI:9655;C07156;C07156;D00820;D00820
944;trimebutine;5573;CHEMBL190044;CHEBI:94458;;;D08639;D08639
945;triamcinolone;31307;CHEMBL1451;CHEBI:9667;;;D00385;D00385
946;timolol maleate;5281056;CHEMBL1200870;CHEBI:9600;;;D00603;D00603
947;ticlopidine, ticlopidine hydrochloride, ticlopidine;65335;CHEMBL1717;CHEBI:9589;C07140;C07140;D01028;D01028
948;tromethamine;6503;CHEMBL1200391;CHEBI:9754;C07182;C07182;D00396;D00396
949;triprolidine, triprolidine hydrochloride, triprolidine;5702129;CHEMBL1200450;CHEBI:84119;;;;
950;tolmetin sodium, tolmetin sodium dihydrate, tolmetin sodium;23677829;CHEMBL1437585;CHEBI:72014;C02328;C02328;D00158;D00158
951;tizanidine, tizanidine hydrochloride, tizanidine;114869;CHEMBL1200329;CHEBI:9609;C07452;C07452;D00776;D00776
952;_tetracaine, tetracaine hydrochloride, tetracaine;8695;CHEMBL1255654;CHEBI:9469;C07526;C07526;D00741;D00741
953;tripelennamine, tripelennamine hydrochloride, tripelennamine;9066;CHEMBL1200446;;C07180;C07180;D02091;D02091
954;2-thiouracil;1269845;CHEMBL345768;CHEBI:348530;;;;
955;thonzonium bromide;11102;CHEMBL1200883;;;;D02140;D02140
956;trimethoprim;5578;CHEMBL22;CHEBI:45924;C01965;C01965;D00145;D00145
957;_trifluoperazine, trifluoperazine dihydrochloride, trifluoperazine;66064;CHEMBL1257040;CHEBI:9710;C07168;C07168;D00799;D00799
958;thiabendazole;5430;CHEMBL625;CHEBI:45979;C07131;C07131;D00372;D00372
959;thioridazine, thioridazine hydrochloride, thioridazine;66062;CHEMBL1200916;CHEBI:48566;;;D00798;D00798
960;terfenadine;5405;CHEMBL17157;CHEBI:9453;C07463;C07463;D00521;D00521
961;d-tryptophan;9060;CHEMBL292303;CHEBI:16296;C00525;C00525;;
962;tropicamide;5593;CHEMBL1200604;CHEBI:9757;;;D00397;D00397
963;bithionol;2406;CHEMBL290106;CHEBI:3131;C07967;C07967;D00802;D00802
964;urea;1176;CHEMBL985;CHEBI:16199, CHEBI:48376;C00086;C00086;D00023;D00023
965;brimonidine;2435;CHEMBL844;CHEBI:3175;C07886;C07886;D07540;D07540
966;urethane, ethyl carbamate;5641;CHEMBL462547;CHEBI:17967;C01537;C01537;;
967;d-valine;71563;CHEMBL1232398;CHEBI:27477;C06417;C06417;;
968;valethamate bromide;7010;CHEMBL2107687;CHEBI:32288;;;D01538;D01538
969;vancomycin, vancomycin hcl, vancomycin;6420023, 14969;CHEMBL1200628, CHEMBL3747636, CHEMBL262777, CHEMBL3735877;CHEBI:28001;C06689;C06689;D00212;D00212
970;1-vinyl-2-pyrrolidinone, n-vinylpyrrolidone;6917;CHEMBL1878943;CHEBI:82551;;;;
971;verapamil, (+-)-verapamil hydrochloride, verapamil;62969;CHEMBL1280;;C07188;C07188;D00619;D00619
972;vinpocetine;443955;CHEMBL71752;CHEBI:32297;;;D01371;D01371
973;trans-anethole;637563;CHEMBL452630;CHEBI:35616, CHEBI:2716;C10428;C10428;;
974;peppermint oil;6850741;;;;;;
975;alpha-terpineol;17100;CHEMBL449810;CHEBI:22469;C16772;C16772;;
976;_2,6-diisopropylphenol, propofol;4943;CHEMBL526;CHEBI:44915;C07523;C07523;D00549;D00549
977;xylazine, xylazine hydrochloride, xylazine;68554;CHEMBL1256022;CHEBI:149566;;;D06344;D06344
978;xylometazoline, xylometazoline hcl, xylometazoline;5282386;CHEMBL1256400;;C07913;C07913;D00757;D00757
979;yohimbine, yohimbine hydrochloride, yohimbine;6169;CHEMBL537669;;C09256;C09256;D06671;D06671
980;zomepirac sodium;16220118, 5733, 23663418;CHEMBL266459, CHEMBL19490, CHEMBL3989403;CHEBI:35859;;;D06382;D06382
981;o-vanillin;8991;CHEMBL13859;CHEBI:78339;;;;
982;tryptamine, tryptamine hydrochloride, tryptamine;67652;CHEMBL1255796;;C00398;C00398;;
983;dianhydro-d-glucitol, isosorbide;12597;CHEMBL1200660;CHEBI:6060;;;D00347;D00347
984;anastrozole, anastrozole , anastrozole;2187;CHEMBL1399;CHEBI:2704;C08159;C08159;D00960;D00960
985;albendazole;2082;CHEMBL1483;CHEBI:16664;C01779;C01779;D00134;D00134
986;_clomiphene citrate, clomiphene citrate salt, clomiphene citrate;3033832;CHEMBL1213137;;C08161;C08161;;
987;2,3-dimercapto-1-propanol, dimercaprol;3080;CHEMBL1597;CHEBI:64198;C02924;C02924;D00167;D00167
988;hydroflumethiazide;3647;CHEMBL1763;CHEBI:5784;C07763;C07763;D00654;D00654
989;loratadine;3957;CHEMBL998;CHEBI:6538;;;D00364;D00364
990;nisoldipine, nisoldipine , nisoldipine;4499;CHEMBL441428, CHEMBL1726, CHEMBL3192341;CHEBI:76917;C07699;C07699;D00618;D00618
991;octopamine, (±)-octopamine hydrochloride, octopamine;4581;CHEMBL53929;CHEBI:17134;C04227;C04227;;
992;_pentamidine isethionate, pentamidine isethionate salt, pentamidine isethionate;8813;CHEMBL361506;CHEBI:7977;;;D00834;D00834
993;pergolide mesylate, pergolide mesylate salt, pergolide mesylate;47812;CHEMBL1275;CHEBI:8021;;;D00502;D00502
994;1,3-dimethyl-3-phenyl-2,5-pyrrolidinedione, methsuximide;6476;CHEMBL697;CHEBI:6846;;;D00404;D00404
995;sildenafil citrate, sildenafil citrate salt, sildenafil citrate;135413523;CHEMBL1737;CHEBI:58987;;;D02229;D02229
996;pentolinium tartrate;5849;CHEMBL1318287;CHEBI:55326;;;;
997;pyrithyldione;4994;CHEMBL1722501;CHEBI:94590;;;D07329;D07329
998;cyclandelate;2893;CHEMBL1480987;CHEBI:3988;;;D00286;D00286
999;4-amino-3-phenyl-butyric acid, phenibut;14113;CHEMBL315818;CHEBI:136039;;;D10509;D10509
1000;2,4-dicyano-3-methyl-3-phenylglutarimide;236832;CHEMBL2131449;;;;;
1001;proxyphylline;4977;CHEMBL37390;CHEBI:32070;;;D01771;D01771
1002;homosalate;8362;CHEMBL1377575;CHEBI:91642;;;D04450;D04450
1003;beclamide;10391;CHEMBL64195;CHEBI:134859;;;D07300;D07300
1004;4-butyl-3,5-diketo-1-phenylpyrazolidine, mofebutazone;16639;CHEMBL1892201;CHEBI:76252;;;D07262;D07262
1005;cyclizine;6726;CHEMBL648;CHEBI:3994;C06930;C06930;D03621;D03621
1006;4'-butoxy-3-piperidinopropiophenone, 4'-butoxy-3-piperidinopropiophenone hydrochloride, 4'-butoxy-3-piperidinopropiophenone, dyclonine;68304;CHEMBL1200478;CHEBI:4725;C07881;C07881;D00735;D00735
1007;3,3,5-trimethylcyclohexanol;8298;CHEMBL3186608;CHEBI:59065;;;;
1008;n-ethylnorphenylephrine, dl-n-ethylnorphenylephrine hydrochloride, n-ethylnorphenylephrine, etilefrine;164652;CHEMBL3187408;CHEBI:31582;;;D01573;D01573
1009;2-chloro-4-phenylphenol;7074;CHEMBL406630;;;;;
1010;aktivin, chloramine-t;3641960;CHEMBL1697734;CHEBI:53767;;;;
1011;2,6-diallyl-meta-cresol;246659;;;;;;
1012;1-(4-chlorodiphenylmethyl)-4-methylpiperazine, 1-(4-chlorodiphenylmethyl)-4-methylpiperazine hydrochloride, 1-(4-chlorodiphenylmethyl)-4-methylpiperazine, chlorcyclizine;2710;CHEMBL22150;CHEBI:94402;;;;
1013;isobutamben;7176;CHEMBL1985617;;;;D04622;D04622
1014;chlorindanol;8961;CHEMBL1449249;;;;D03464;D03464
1015;dimethyl 1,2,2-trimethyl-1,3-cyclopentanedicarboxylate;118984362;CHEMBL4594221;;;;;
1016;trimetozine;12478;CHEMBL1697853;CHEBI:92927;;;D06237;D06237
1017;1-naphthaleneacetic acid, 1-naphthaleneacetic acid, sodium salt, 1-naphthaleneacetic acid;23694671;;CHEBI:81811;C18534;C18534;;
1018;simvastatin;54454;CHEMBL1064;CHEBI:9150;;;D00434;D00434
1019;2,4-dinitroanisole;8385;CHEMBL167820;CHEBI:84559;C21159;C21159;;
1020;d-alpha,alpha'-bicamphor;3320506;;;;;;
1021;tyramine, tyramine hydrochloride, tyramine;66449;CHEMBL1255790;;C00483;C00483;;
1022;azaribine;16574;CHEMBL515914;CHEBI:88272;;;D03029;D03029
1023;vanillin;1183;CHEMBL13883;CHEBI:18346;C00755;C00755;D00091;D00091
1024;2-phenethylamine;1001;CHEMBL610;CHEBI:18397;;;;
1025;glycerol;753;CHEMBL692;CHEBI:17754, CHEBI:17522;C00116;C00116;D00028;D00028
1026;hepes;23831;CHEMBL1232545;CHEBI:42334;;;;
1027;mops;70807;CHEMBL1234443;CHEBI:44115;;;;
1028;pipes, piperazine-N,N′-bis(2-ethanesulfonic acid);79723;;CHEBI:44933;;;;
1029;tioconazole;5482;CHEMBL1200438;CHEBI:77898;C08082;C08082;D00890;D00890
1030;benzyl alcohol;244;CHEMBL720;CHEBI:17987;C00556;C00556;D00077;D00077
1031;adiphenine, adiphenine hydrochloride, adiphenine;5763;CHEMBL555654;;;;D02772;D02772
1032;azelastine, azelastine hydrochloride, azelastine;54360;CHEMBL1200809;CHEBI:2951;C07768;C07768;D00659;D00659
1033;capso, n-cyclohexyl-3-aminopropanesulfonic acid;2733480;;;;;;
1034;trans-dehydroandrosterone;5881;CHEMBL90593;CHEBI:28689;;;;
1035;drofenine, drofenine hydrochloride, drofenine;92806;CHEMBL1368313;;;;;
1036;fenbendazole;3334;CHEMBL37161;CHEBI:77092;C21876;C21876;D04140;D04140
1037;methiothepin mesylate, methiothepin mesylate salt, methiothepin mesylate;3039995;CHEMBL1256737;;;;;
1038;mes;78165;CHEMBL1234276;CHEBI:39005, CHEBI:39408;;;;
1039;pirfenidone;40632;CHEMBL1256391;CHEBI:32016;;;D01583;D01583
1040;donepezil;3152;CHEMBL502;CHEBI:53289, CHEBI:145499;;;D07869;D07869
1041;taurine;1123;CHEMBL239243;CHEBI:15891;C00245;C00245;D00047;D00047
1042;l-ornithine, l-ornithine hydrochloride, l-ornithine;76654;CHEMBL3184113;;C00077;C00077;;